State,Year,Rainfall Average
Andhra Pradesh,1901,84.6645
Andhra Pradesh,1902,60.7535
Andhra Pradesh,1903,111.4730833
Andhra Pradesh,1904,63.69908333
Andhra Pradesh,1905,76.69216667
Andhra Pradesh,1906,73.71075
Andhra Pradesh,1907,65.88466667
Andhra Pradesh,1908,91.22608333
Andhra Pradesh,1909,64.81066667
Andhra Pradesh,1910,100.0721667
Andhra Pradesh,1911,71.93866667
Andhra Pradesh,1912,67.22441667
Andhra Pradesh,1913,74.59866667
Andhra Pradesh,1914,87.8455
Andhra Pradesh,1915,84.79775
Andhra Pradesh,1916,93.92683333
Andhra Pradesh,1917,108.97875
Andhra Pradesh,1918,51.96841667
Andhra Pradesh,1919,76.43875
Andhra Pradesh,1920,44.48
Andhra Pradesh,1921,76.03633333
Andhra Pradesh,1922,80.979
Andhra Pradesh,1923,63.9635
Andhra Pradesh,1924,74.03775
Andhra Pradesh,1925,81.82116667
Andhra Pradesh,1926,71.572
Andhra Pradesh,1927,87.42166667
Andhra Pradesh,1928,80.16125
Andhra Pradesh,1929,64.73183333
Andhra Pradesh,1930,78.593
Andhra Pradesh,1931,106.6580833
Andhra Pradesh,1932,82.76133333
Andhra Pradesh,1933,107.8628333
Andhra Pradesh,1934,84.8195
Andhra Pradesh,1935,84.40966667
Andhra Pradesh,1936,105.24775
Andhra Pradesh,1937,73.83216667
Andhra Pradesh,1938,107.1305833
Andhra Pradesh,1939,60.89783333
Andhra Pradesh,1940,90.02966667
Andhra Pradesh,1941,54.56633333
Andhra Pradesh,1942,82.7475
Andhra Pradesh,1943,81.01008333
Andhra Pradesh,1944,88.53025
Andhra Pradesh,1945,89.51975
Andhra Pradesh,1946,77.72816667
Andhra Pradesh,1947,92.35291667
Andhra Pradesh,1948,86.34816667
Andhra Pradesh,1949,111.5510833
Andhra Pradesh,1950,63.04025
Andhra Pradesh,1951,83.25608333
Andhra Pradesh,1952,64.72691667
Andhra Pradesh,1953,99.77416667
Andhra Pradesh,1954,86.14991667
Andhra Pradesh,1955,104.2231667
Andhra Pradesh,1956,94.09983333
Andhra Pradesh,1957,78.86508333
Andhra Pradesh,1958,80.36858333
Andhra Pradesh,1959,130.0313333
Andhra Pradesh,1960,67.20258333
Andhra Pradesh,1961,95.60525
Andhra Pradesh,1962,86.53141667
Andhra Pradesh,1963,96.15
Andhra Pradesh,1964,83.44025
Andhra Pradesh,1965,82.69416667
Andhra Pradesh,1966,90.19958333
Andhra Pradesh,1967,71.37466667
Andhra Pradesh,1968,68.058
Andhra Pradesh,1969,82.1035
Andhra Pradesh,1970,85.85958333
Andhra Pradesh,1971,71.23241667
Andhra Pradesh,1972,52.314
Andhra Pradesh,1973,97.08083333
Andhra Pradesh,1974,59.62525
Andhra Pradesh,1975,110.591
Andhra Pradesh,1976,78.90891667
Andhra Pradesh,1977,76.88241667
Andhra Pradesh,1978,99.51683333
Andhra Pradesh,1979,84.55616667
Andhra Pradesh,1980,80.27533333
Andhra Pradesh,1981,97.94691667
Andhra Pradesh,1982,82.43191667
Andhra Pradesh,1983,121.627
Andhra Pradesh,1984,56.79475
Andhra Pradesh,1985,78.15816667
Andhra Pradesh,1986,80.18716667
Andhra Pradesh,1987,71.01108333
Andhra Pradesh,1988,96.33258333
Andhra Pradesh,1989,87.34566667
Andhra Pradesh,1990,92.71475
Andhra Pradesh,1991,75.88591667
Andhra Pradesh,1992,77.08483333
Andhra Pradesh,1993,90.37558333
Andhra Pradesh,1994,99.95391667
Andhra Pradesh,1995,104.6300833
Andhra Pradesh,1996,90.09758333
Andhra Pradesh,1997,75.4765
Andhra Pradesh,1998,94.07916667
Andhra Pradesh,1999,78.469
Andhra Pradesh,2000,89.50375
Andhra Pradesh,2001,82.13483333
Andhra Pradesh,2002,72.20566667
Arunachal Pradesh,1901,149.6365
Arunachal Pradesh,1902,179.0154167
Arunachal Pradesh,1903,158.27175
Arunachal Pradesh,1904,139.4729167
Arunachal Pradesh,1905,126.6449167
Arunachal Pradesh,1906,134.1580833
Arunachal Pradesh,1907,143.7655
Arunachal Pradesh,1908,171.5798333
Arunachal Pradesh,1909,154.9500833
Arunachal Pradesh,1910,177.8483333
Arunachal Pradesh,1911,176.1481667
Arunachal Pradesh,1912,158.7850833
Arunachal Pradesh,1913,166.4290833
Arunachal Pradesh,1914,136.5100833
Arunachal Pradesh,1915,182.6456667
Arunachal Pradesh,1916,150.42625
Arunachal Pradesh,1917,159.38725
Arunachal Pradesh,1918,158.7050833
Arunachal Pradesh,1919,156.9538333
Arunachal Pradesh,1920,137.4398333
Arunachal Pradesh,1921,179.1981667
Arunachal Pradesh,1922,147.9011667
Arunachal Pradesh,1923,157.1215
Arunachal Pradesh,1924,186.9253333
Arunachal Pradesh,1925,168.17025
Arunachal Pradesh,1926,156.3035833
Arunachal Pradesh,1927,181.3085833
Arunachal Pradesh,1928,181.2705833
Arunachal Pradesh,1929,149.8216667
Arunachal Pradesh,1930,168.2031667
Arunachal Pradesh,1931,174.7825833
Arunachal Pradesh,1932,183.0696667
Arunachal Pradesh,1933,155.6495
Arunachal Pradesh,1934,157.2895
Arunachal Pradesh,1935,161.983
Arunachal Pradesh,1936,168.9040833
Arunachal Pradesh,1937,129.2480833
Arunachal Pradesh,1938,178.7341667
Arunachal Pradesh,1939,139.7874167
Arunachal Pradesh,1940,130.7581667
Arunachal Pradesh,1941,154.8253333
Arunachal Pradesh,1942,144.1326667
Arunachal Pradesh,1943,155.0626667
Arunachal Pradesh,1944,159.5475
Arunachal Pradesh,1945,164.5643333
Arunachal Pradesh,1946,146.0600833
Arunachal Pradesh,1947,181.3661667
Arunachal Pradesh,1948,183.18925
Arunachal Pradesh,1949,170.3730833
Arunachal Pradesh,1950,163.94725
Arunachal Pradesh,1951,149.84075
Arunachal Pradesh,1952,161.1616667
Arunachal Pradesh,1953,161.18325
Arunachal Pradesh,1954,176.8239167
Arunachal Pradesh,1955,164.9266667
Arunachal Pradesh,1956,139.9703333
Arunachal Pradesh,1957,152.95
Arunachal Pradesh,1958,182.3748333
Arunachal Pradesh,1959,164.7374167
Arunachal Pradesh,1960,136.9911667
Arunachal Pradesh,1961,155.4730833
Arunachal Pradesh,1962,141.6675
Arunachal Pradesh,1963,130.9265
Arunachal Pradesh,1964,155.1440833
Arunachal Pradesh,1965,147.111
Arunachal Pradesh,1966,168.1348333
Arunachal Pradesh,1967,118.3636667
Arunachal Pradesh,1968,157.5838333
Arunachal Pradesh,1969,127.4533333
Arunachal Pradesh,1970,169.9358333
Arunachal Pradesh,1971,155.9860833
Arunachal Pradesh,1972,120.9704167
Arunachal Pradesh,1973,168.9764167
Arunachal Pradesh,1974,156.86125
Arunachal Pradesh,1975,143.4926667
Arunachal Pradesh,1976,134.8243333
Arunachal Pradesh,1977,181.76775
Arunachal Pradesh,1978,135.7696667
Arunachal Pradesh,1979,132.3733333
Arunachal Pradesh,1980,154.77525
Arunachal Pradesh,1981,145.1156667
Arunachal Pradesh,1982,129.6688333
Arunachal Pradesh,1983,153.3408333
Arunachal Pradesh,1984,148.1523333
Arunachal Pradesh,1985,148.1495
Arunachal Pradesh,1986,127.0741667
Arunachal Pradesh,1987,136.0025
Arunachal Pradesh,1988,177.6278333
Arunachal Pradesh,1989,149.55375
Arunachal Pradesh,1990,174.0823333
Arunachal Pradesh,1991,174.73925
Arunachal Pradesh,1992,144.24075
Arunachal Pradesh,1993,169.1255
Arunachal Pradesh,1994,141.0168333
Arunachal Pradesh,1995,164.3394167
Arunachal Pradesh,1996,141.5478333
Arunachal Pradesh,1997,133.4579167
Arunachal Pradesh,1998,169.2933333
Arunachal Pradesh,1999,155.7618333
Arunachal Pradesh,2000,149.9110833
Arunachal Pradesh,2001,150.50725
Arunachal Pradesh,2002,151.5963333
Assam,1901,198.8970833
Assam,1902,226.0245
Assam,1903,235.045
Assam,1904,262.7264167
Assam,1905,214.714
Assam,1906,199.563
Assam,1907,240.1213333
Assam,1908,195.3340833
Assam,1909,224.6286667
Assam,1910,197.7691667
Assam,1911,254.3376667
Assam,1912,253.74325
Assam,1913,230.6865833
Assam,1914,228.4098333
Assam,1915,271.4530833
Assam,1916,190.3886667
Assam,1917,279.7991667
Assam,1918,267.5290833
Assam,1919,203.8471667
Assam,1920,199.5290833
Assam,1921,267.1679167
Assam,1922,205.3791667
Assam,1923,202.3504167
Assam,1924,234.4991667
Assam,1925,218.1313333
Assam,1926,173.0704167
Assam,1927,233.7093333
Assam,1928,206.84275
Assam,1929,244.9806667
Assam,1930,236.593
Assam,1931,267.08075
Assam,1932,193.7905833
Assam,1933,198.43125
Assam,1934,287.5535833
Assam,1935,195.9803333
Assam,1936,223.3175
Assam,1937,260.1169167
Assam,1938,238.1464167
Assam,1939,195.8455833
Assam,1940,240.4219167
Assam,1941,244.6045833
Assam,1942,236.6105
Assam,1943,246.9101667
Assam,1944,160.149
Assam,1945,235.23075
Assam,1946,227.3854167
Assam,1947,247.01
Assam,1948,246.23475
Assam,1949,274.7293333
Assam,1950,191.702
Assam,1951,226.2021667
Assam,1952,262.089
Assam,1953,211.5406667
Assam,1954,224.0028333
Assam,1955,241.1953333
Assam,1956,274.1365
Assam,1957,215.5861667
Assam,1958,208.56775
Assam,1959,213.7185833
Assam,1960,208.66975
Assam,1961,228.3248333
Assam,1962,174.3895
Assam,1963,228.8111667
Assam,1964,231.04725
Assam,1965,239.28675
Assam,1966,216.7289167
Assam,1967,197.1014167
Assam,1968,240.6966667
Assam,1969,229.8410833
Assam,1970,253.0114167
Assam,1971,211.3579167
Assam,1972,198.749
Assam,1973,247.1145833
Assam,1974,310.5865
Assam,1975,209.91725
Assam,1976,208.6828333
Assam,1977,305.3468333
Assam,1978,225.7208333
Assam,1979,191.91925
Assam,1980,239.8135833
Assam,1981,178.838
Assam,1982,215.1215
Assam,1983,240.0831667
Assam,1984,297.9450833
Assam,1985,228.19
Assam,1986,212.4690833
Assam,1987,262.50175
Assam,1988,293.2284167
Assam,1989,271.7534167
Assam,1990,241.0438333
Assam,1991,275.3908333
Assam,1992,252.1336667
Assam,1993,286.085
Assam,1994,208.0941667
Assam,1995,231.90525
Assam,1996,233.0859167
Assam,1997,188.6480833
Assam,1998,215.71325
Assam,1999,245.992
Assam,2000,226.9250833
Assam,2001,225.42025
Assam,2002,220.9939167
Bihar,1901,92.76366667
Bihar,1902,117.6528333
Bihar,1903,112.61375
Bihar,1904,111.8780833
Bihar,1905,123.4991667
Bihar,1906,112.7250833
Bihar,1907,105.9006667
Bihar,1908,88.787
Bihar,1909,120.1843333
Bihar,1910,124.43775
Bihar,1911,128.7109167
Bihar,1912,101.43525
Bihar,1913,136.0329167
Bihar,1914,102.0870833
Bihar,1915,123.3195
Bihar,1916,126.949
Bihar,1917,137.5973333
Bihar,1918,123.9021667
Bihar,1919,117.8705
Bihar,1920,109.1126667
Bihar,1921,112.2701667
Bihar,1922,144.1616667
Bihar,1923,90.15783333
Bihar,1924,126.4148333
Bihar,1925,110.5781667
Bihar,1926,126.214
Bihar,1927,105.6860833
Bihar,1928,126.9569167
Bihar,1929,119.6419167
Bihar,1930,98.5775
Bihar,1931,134.1436667
Bihar,1932,102.822
Bihar,1933,133.60025
Bihar,1934,130.6690833
Bihar,1935,107.455
Bihar,1936,146.2020833
Bihar,1937,111.8221667
Bihar,1938,131.2481667
Bihar,1939,124.8290833
Bihar,1940,118.8535833
Bihar,1941,111.9143333
Bihar,1942,123.8653333
Bihar,1943,115.39075
Bihar,1944,109.219
Bihar,1945,120.3799167
Bihar,1946,128.2418333
Bihar,1947,121.5830833
Bihar,1948,128.4971667
Bihar,1949,144.6150833
Bihar,1950,105.4304167
Bihar,1951,129.7426667
Bihar,1952,129.9608333
Bihar,1953,117.564
Bihar,1954,128.3700833
Bihar,1955,131.2835
Bihar,1956,139.4035833
Bihar,1957,82.609
Bihar,1958,117.1881667
Bihar,1959,135.745
Bihar,1960,91.31241667
Bihar,1961,100.157
Bihar,1962,107.4791667
Bihar,1963,111.5016667
Bihar,1964,93.68183333
Bihar,1965,82.98508333
Bihar,1966,84.32008333
Bihar,1967,88.73566667
Bihar,1968,118.2723333
Bihar,1969,102.11425
Bihar,1970,114.1539167
Bihar,1971,119.99375
Bihar,1972,100.0145833
Bihar,1973,141.6644167
Bihar,1974,136.5389167
Bihar,1975,132.9134167
Bihar,1976,111.5239167
Bihar,1977,92.76791667
Bihar,1978,114.7593333
Bihar,1979,119.15425
Bihar,1980,103.3361667
Bihar,1981,98.67866667
Bihar,1982,76.61566667
Bihar,1983,125.50825
Bihar,1984,168.5390833
Bihar,1985,90.00675
Bihar,1986,95.824
Bihar,1987,176.9954167
Bihar,1988,132.7366667
Bihar,1989,127.1263333
Bihar,1990,111.4673333
Bihar,1991,113.4635
Bihar,1992,87.40375
Bihar,1993,94.876
Bihar,1994,94.39591667
Bihar,1995,92.36233333
Bihar,1996,90.98925
Bihar,1997,103.6108333
Bihar,1998,116.5911667
Bihar,1999,103.96575
Bihar,2000,87.06533333
Bihar,2001,88.87633333
Bihar,2002,99.60783333
Chandigarh,1901,52.89166667
Chandigarh,1902,40.50833333
Chandigarh,1903,39.88333333
Chandigarh,1904,43.81666667
Chandigarh,1905,48.3
Chandigarh,1906,57.075
Chandigarh,1907,40.65
Chandigarh,1908,65.53333333
Chandigarh,1909,76.88333333
Chandigarh,1910,51.89166667
Chandigarh,1911,44.775
Chandigarh,1912,45.86666667
Chandigarh,1913,51.91666667
Chandigarh,1914,72.05
Chandigarh,1915,47.025
Chandigarh,1916,62.99166667
Chandigarh,1917,72.40833333
Chandigarh,1918,28.33333333
Chandigarh,1919,52.56666667
Chandigarh,1920,35.575
Chandigarh,1921,54.00833333
Chandigarh,1922,64.95833333
Chandigarh,1923,49.075
Chandigarh,1924,58.675
Chandigarh,1925,58.94166667
Chandigarh,1926,52.35
Chandigarh,1927,44.44166667
Chandigarh,1928,47.63333333
Chandigarh,1929,60.24166667
Chandigarh,1930,43.8
Chandigarh,1931,63.7
Chandigarh,1932,39.45833333
Chandigarh,1933,60.20833333
Chandigarh,1934,43.175
Chandigarh,1935,38.41666667
Chandigarh,1936,80.41666667
Chandigarh,1937,49.91666667
Chandigarh,1938,45.36666667
Chandigarh,1939,35.56666667
Chandigarh,1940,42.03333333
Chandigarh,1941,39.09166667
Chandigarh,1942,58.025
Chandigarh,1943,39.30833333
Chandigarh,1944,43.96666667
Chandigarh,1945,56.625
Chandigarh,1946,44.31666667
Chandigarh,1947,43.71666667
Chandigarh,1948,60.28333333
Chandigarh,1949,59.14166667
Chandigarh,1950,80.10833333
Chandigarh,1951,40.03333333
Chandigarh,1952,35.86666667
Chandigarh,1953,58.46666667
Chandigarh,1954,62.225
Chandigarh,1955,57.60833333
Chandigarh,1956,52.59166667
Chandigarh,1957,56.98333333
Chandigarh,1958,59.23333333
Chandigarh,1959,60.60833333
Chandigarh,1960,40.25833333
Chandigarh,1961,67
Chandigarh,1962,58.53333333
Chandigarh,1963,43.025
Chandigarh,1964,60.43333333
Chandigarh,1965,37.38333333
Chandigarh,1966,64.425
Chandigarh,1967,57.93333333
Chandigarh,1968,42.1
Chandigarh,1969,54.95
Chandigarh,1970,39.81666667
Chandigarh,1971,65.28333333
Chandigarh,1972,48.56666667
Chandigarh,1973,54.29166667
Chandigarh,1974,33.39166667
Chandigarh,1975,67.94166667
Chandigarh,1976,83.24166667
Chandigarh,1977,55.20833333
Chandigarh,1978,76.35833333
Chandigarh,1979,43.125
Chandigarh,1980,93.9
Chandigarh,1981,63.85833333
Chandigarh,1982,49.96666667
Chandigarh,1983,67.89166667
Chandigarh,1984,69.33333333
Chandigarh,1985,63.85833333
Chandigarh,1986,67.54166667
Chandigarh,1987,30.925
Chandigarh,1988,65.925
Chandigarh,1989,51.125
Chandigarh,1990,75.08333333
Chandigarh,1991,43.325
Chandigarh,1992,52.75833333
Chandigarh,1993,47.93333333
Chandigarh,1994,49.83333333
Chandigarh,1995,70.26666667
Chandigarh,1996,67.675
Chandigarh,1997,70.46666667
Chandigarh,1998,52.74166667
Chandigarh,1999,34.75833333
Chandigarh,2000,47.85
Chandigarh,2001,39.20833333
Chandigarh,2002,42.33333333
Chattisgarh,1901,82.94525
Chattisgarh,1902,82.91341667
Chattisgarh,1903,128.90225
Chattisgarh,1904,93.02941667
Chattisgarh,1905,121.5483333
Chattisgarh,1906,100.2816667
Chattisgarh,1907,90.06666667
Chattisgarh,1908,96.57916667
Chattisgarh,1909,86.84616667
Chattisgarh,1910,125.4955
Chattisgarh,1911,111.6335
Chattisgarh,1912,99.2615
Chattisgarh,1913,92.77491667
Chattisgarh,1914,118.6455833
Chattisgarh,1915,105.9081667
Chattisgarh,1916,96.66066667
Chattisgarh,1917,137.53775
Chattisgarh,1918,96.58366667
Chattisgarh,1919,117.9850833
Chattisgarh,1920,63.35308333
Chattisgarh,1921,85.8875
Chattisgarh,1922,103.123
Chattisgarh,1923,69.93441667
Chattisgarh,1924,100.3054167
Chattisgarh,1925,128.9155833
Chattisgarh,1926,129.67425
Chattisgarh,1927,134.39075
Chattisgarh,1928,114.8276667
Chattisgarh,1929,138.0786667
Chattisgarh,1930,97.14291667
Chattisgarh,1931,114.0411667
Chattisgarh,1932,110.1646667
Chattisgarh,1933,121.0635833
Chattisgarh,1934,133.5368333
Chattisgarh,1935,87.3395
Chattisgarh,1936,151.7221667
Chattisgarh,1937,95.01491667
Chattisgarh,1938,118.516
Chattisgarh,1939,87.39341667
Chattisgarh,1940,106.3936667
Chattisgarh,1941,73.1205
Chattisgarh,1942,102.428
Chattisgarh,1943,91.10825
Chattisgarh,1944,113.99125
Chattisgarh,1945,116.9820833
Chattisgarh,1946,116.2296667
Chattisgarh,1947,123.0795
Chattisgarh,1948,91.97366667
Chattisgarh,1949,105.3715
Chattisgarh,1950,77.30675
Chattisgarh,1951,105.6725833
Chattisgarh,1952,99.39233333
Chattisgarh,1953,109.10925
Chattisgarh,1954,118.0961667
Chattisgarh,1955,120.48625
Chattisgarh,1956,114.2400833
Chattisgarh,1957,107.5661667
Chattisgarh,1958,102.2943333
Chattisgarh,1959,128.6033333
Chattisgarh,1960,97.85258333
Chattisgarh,1961,118.0599167
Chattisgarh,1962,102.5614167
Chattisgarh,1963,103.9151667
Chattisgarh,1964,97.73908333
Chattisgarh,1965,83.38575
Chattisgarh,1966,91.8175
Chattisgarh,1967,95.85825
Chattisgarh,1968,101.0719167
Chattisgarh,1969,117.8019167
Chattisgarh,1970,113.96925
Chattisgarh,1971,92.81633333
Chattisgarh,1972,92.798
Chattisgarh,1973,78.88566667
Chattisgarh,1974,85.34633333
Chattisgarh,1975,141.8244167
Chattisgarh,1976,97.09566667
Chattisgarh,1977,101.20975
Chattisgarh,1978,111.94125
Chattisgarh,1979,107.68925
Chattisgarh,1980,103.135
Chattisgarh,1981,98.66083333
Chattisgarh,1982,97.81533333
Chattisgarh,1983,104.9698333
Chattisgarh,1984,84.79983333
Chattisgarh,1985,109.7985833
Chattisgarh,1986,97.46458333
Chattisgarh,1987,79.29333333
Chattisgarh,1988,97.6565
Chattisgarh,1989,94.8605
Chattisgarh,1990,136.5521667
Chattisgarh,1991,112.0873333
Chattisgarh,1992,93.10975
Chattisgarh,1993,102.02025
Chattisgarh,1994,112.07325
Chattisgarh,1995,113.2428333
Chattisgarh,1996,79.53766667
Chattisgarh,1997,79.82766667
Chattisgarh,1998,91.16591667
Chattisgarh,1999,102.3091667
Chattisgarh,2000,101.4949167
Chattisgarh,2001,110.3636667
Chattisgarh,2002,84.14866667
Dadra & Nagar Haveli,1901,106.887
Dadra & Nagar Haveli,1902,133.4874167
Dadra & Nagar Haveli,1903,126.7860833
Dadra & Nagar Haveli,1904,92.04425
Dadra & Nagar Haveli,1905,84.42166667
Dadra & Nagar Haveli,1906,111.8753333
Dadra & Nagar Haveli,1907,159.1735833
Dadra & Nagar Haveli,1908,120.7466667
Dadra & Nagar Haveli,1909,162.2513333
Dadra & Nagar Haveli,1910,135.3025833
Dadra & Nagar Haveli,1911,87.71783333
Dadra & Nagar Haveli,1912,150.5684167
Dadra & Nagar Haveli,1913,166.8098333
Dadra & Nagar Haveli,1914,195.9216667
Dadra & Nagar Haveli,1915,116.21575
Dadra & Nagar Haveli,1916,135.6711667
Dadra & Nagar Haveli,1917,147.9478333
Dadra & Nagar Haveli,1918,64.37908333
Dadra & Nagar Haveli,1919,156.4985833
Dadra & Nagar Haveli,1920,85.93666667
Dadra & Nagar Haveli,1921,134.9684167
Dadra & Nagar Haveli,1922,118.4400833
Dadra & Nagar Haveli,1923,118.7609167
Dadra & Nagar Haveli,1924,106.2180833
Dadra & Nagar Haveli,1925,97.995
Dadra & Nagar Haveli,1926,170.0855
Dadra & Nagar Haveli,1927,142.8365
Dadra & Nagar Haveli,1928,123.6606667
Dadra & Nagar Haveli,1929,101.9735
Dadra & Nagar Haveli,1930,137.0975
Dadra & Nagar Haveli,1931,192.4345
Dadra & Nagar Haveli,1932,154.60825
Dadra & Nagar Haveli,1933,214.6539167
Dadra & Nagar Haveli,1934,131.4265833
Dadra & Nagar Haveli,1935,127.878
Dadra & Nagar Haveli,1936,130.48475
Dadra & Nagar Haveli,1937,191.0696667
Dadra & Nagar Haveli,1938,163.0223333
Dadra & Nagar Haveli,1939,119.2454167
Dadra & Nagar Haveli,1940,136.7289167
Dadra & Nagar Haveli,1941,113.7110833
Dadra & Nagar Haveli,1942,160.3474167
Dadra & Nagar Haveli,1943,124.227
Dadra & Nagar Haveli,1944,179.9054167
Dadra & Nagar Haveli,1945,187.4529167
Dadra & Nagar Haveli,1946,158.1158333
Dadra & Nagar Haveli,1947,129.0175833
Dadra & Nagar Haveli,1948,102.6559167
Dadra & Nagar Haveli,1949,132.4433333
Dadra & Nagar Haveli,1950,135.63025
Dadra & Nagar Haveli,1951,95.4565
Dadra & Nagar Haveli,1952,118.6106667
Dadra & Nagar Haveli,1953,130.5735
Dadra & Nagar Haveli,1954,159.76725
Dadra & Nagar Haveli,1955,156.51225
Dadra & Nagar Haveli,1956,184.77775
Dadra & Nagar Haveli,1957,101.7824167
Dadra & Nagar Haveli,1958,191.1038333
Dadra & Nagar Haveli,1959,170.4266667
Dadra & Nagar Haveli,1960,119.29325
Dadra & Nagar Haveli,1961,130.4303333
Dadra & Nagar Haveli,1962,111.3293333
Dadra & Nagar Haveli,1963,169.8195
Dadra & Nagar Haveli,1964,163.1998333
Dadra & Nagar Haveli,1965,151.42125
Dadra & Nagar Haveli,1966,124.7865833
Dadra & Nagar Haveli,1967,132.8390833
Dadra & Nagar Haveli,1968,122.14575
Dadra & Nagar Haveli,1969,136.183
Dadra & Nagar Haveli,1970,172.1940833
Dadra & Nagar Haveli,1971,133.9515
Dadra & Nagar Haveli,1972,79.56975
Dadra & Nagar Haveli,1973,117.1505
Dadra & Nagar Haveli,1974,76.01441667
Dadra & Nagar Haveli,1975,153.5505
Dadra & Nagar Haveli,1976,185.2145833
Dadra & Nagar Haveli,1977,119.2659167
Dadra & Nagar Haveli,1978,110.9745
Dadra & Nagar Haveli,1979,133.3851667
Dadra & Nagar Haveli,1980,135.6370833
Dadra & Nagar Haveli,1981,173.552
Dadra & Nagar Haveli,1982,112.4553333
Dadra & Nagar Haveli,1983,175.9269167
Dadra & Nagar Haveli,1984,166.6255833
Dadra & Nagar Haveli,1985,108.0265833
Dadra & Nagar Haveli,1986,116.7340833
Dadra & Nagar Haveli,1987,86.5235
Dadra & Nagar Haveli,1988,168.9184167
Dadra & Nagar Haveli,1989,132.7025833
Dadra & Nagar Haveli,1990,171.9484167
Dadra & Nagar Haveli,1991,142.50225
Dadra & Nagar Haveli,1992,127.16825
Dadra & Nagar Haveli,1993,122.9031667
Dadra & Nagar Haveli,1994,209.7473333
Dadra & Nagar Haveli,1995,98.964
Dadra & Nagar Haveli,1996,158.64825
Dadra & Nagar Haveli,1997,160.9478333
Dadra & Nagar Haveli,1998,171.3479167
Dadra & Nagar Haveli,1999,114.7961667
Dadra & Nagar Haveli,2000,111.5135833
Dadra & Nagar Haveli,2001,112.72825
Dadra & Nagar Haveli,2002,90.00391667
Daman & Diu,NA,#DIV/0!
Daman & Diu,NA,#DIV/0!
Delhi,1901,36.96008333
Delhi,1902,44.77333333
Delhi,1903,23.95733333
Delhi,1904,49.21466667
Delhi,1905,22.03183333
Delhi,1906,51.108
Delhi,1907,23.05116667
Delhi,1908,75.0225
Delhi,1909,60.00191667
Delhi,1910,41.03958333
Delhi,1911,38.53383333
Delhi,1912,54.13708333
Delhi,1913,29.9325
Delhi,1914,55.52566667
Delhi,1915,32.14866667
Delhi,1916,52.04933333
Delhi,1917,57.28633333
Delhi,1918,21.301
Delhi,1919,33.31425
Delhi,1920,39.46133333
Delhi,1921,46.81241667
Delhi,1922,40.42408333
Delhi,1923,50.89441667
Delhi,1924,54.40958333
Delhi,1925,39.88075
Delhi,1926,50.04883333
Delhi,1927,37.41716667
Delhi,1928,22.72808333
Delhi,1929,22.19441667
Delhi,1930,41.875
Delhi,1931,43.25758333
Delhi,1932,34.33958333
Delhi,1933,86.93683333
Delhi,1934,50.87866667
Delhi,1935,45.71625
Delhi,1936,58.57658333
Delhi,1937,35.35908333
Delhi,1938,21.57091667
Delhi,1939,28.85825
Delhi,1940,38.302
Delhi,1941,23.02608333
Delhi,1942,57.40866667
Delhi,1943,30.13658333
Delhi,1944,62.17366667
Delhi,1945,51.23491667
Delhi,1946,43.45208333
Delhi,1947,32.739
Delhi,1948,61.60458333
Delhi,1949,52.8685
Delhi,1950,63.35358333
Delhi,1951,31.08508333
Delhi,1952,35.04033333
Delhi,1953,48.10191667
Delhi,1954,34.53241667
Delhi,1955,51.60283333
Delhi,1956,48.3745
Delhi,1957,52.95041667
Delhi,1958,69.50016667
Delhi,1959,41.64375
Delhi,1960,48.81791667
Delhi,1961,73.10816667
Delhi,1962,40.15858333
Delhi,1963,49.12025
Delhi,1964,84.14733333
Delhi,1965,39.70841667
Delhi,1966,43.97641667
Delhi,1967,71.37283333
Delhi,1968,42.6345
Delhi,1969,44.74033333
Delhi,1970,46.95366667
Delhi,1971,60.68466667
Delhi,1972,52.34691667
Delhi,1973,46.19616667
Delhi,1974,38.30966667
Delhi,1975,78.372
Delhi,1976,71.99308333
Delhi,1977,62.53766667
Delhi,1978,71.16341667
Delhi,1979,29.65941667
Delhi,1980,50.505
Delhi,1981,44.10833333
Delhi,1982,57.92291667
Delhi,1983,62.55075
Delhi,1984,50.30125
Delhi,1985,66.43608333
Delhi,1986,35.17375
Delhi,1987,25.49566667
Delhi,1988,71.0785
Delhi,1989,30.25575
Delhi,1990,61.96916667
Delhi,1991,50.67616667
Delhi,1992,37.266
Delhi,1993,62.447
Delhi,1994,61.9335
Delhi,1995,66.56516667
Delhi,1996,61.11583333
Delhi,1997,49.53558333
Delhi,1998,59.14866667
Delhi,1999,28.68675
Delhi,2000,51.10166667
Delhi,2001,48.60033333
Delhi,2002,29.12908333
Gujarat,1901,24.34241667
Gujarat,1902,50.7685
Gujarat,1903,48.199
Gujarat,1904,21.53283333
Gujarat,1905,46.77808333
Gujarat,1906,58.18633333
Gujarat,1907,52.49408333
Gujarat,1908,50.69375
Gujarat,1909,45.99258333
Gujarat,1910,58.65166667
Gujarat,1911,26.74575
Gujarat,1912,56.36733333
Gujarat,1913,76.83825
Gujarat,1914,72.25183333
Gujarat,1915,32.72675
Gujarat,1916,53.72683333
Gujarat,1917,78.52225
Gujarat,1918,16.63508333
Gujarat,1919,53.144
Gujarat,1920,44.75741667
Gujarat,1921,64.7825
Gujarat,1922,50.61358333
Gujarat,1923,20.79575
Gujarat,1924,49.76966667
Gujarat,1925,36.353
Gujarat,1926,69.39591667
Gujarat,1927,75.1065
Gujarat,1928,62.38975
Gujarat,1929,38.88066667
Gujarat,1930,54.29975
Gujarat,1931,53.58491667
Gujarat,1932,48.61916667
Gujarat,1933,69.62433333
Gujarat,1934,51.91983333
Gujarat,1935,39.04983333
Gujarat,1936,42.54591667
Gujarat,1937,66.584
Gujarat,1938,43.76275
Gujarat,1939,33.29216667
Gujarat,1940,38.06041667
Gujarat,1941,59.23641667
Gujarat,1942,55.60141667
Gujarat,1943,53.76408333
Gujarat,1944,67.01358333
Gujarat,1945,71.64691667
Gujarat,1946,55.91666667
Gujarat,1947,40.638
Gujarat,1948,22.94025
Gujarat,1949,39.02766667
Gujarat,1950,63.86866667
Gujarat,1951,27.75283333
Gujarat,1952,41.8245
Gujarat,1953,51.90183333
Gujarat,1954,70.39341667
Gujarat,1955,53.82625
Gujarat,1956,74.52683333
Gujarat,1957,34.723
Gujarat,1958,74.23216667
Gujarat,1959,94.6925
Gujarat,1960,31.44516667
Gujarat,1961,61.33816667
Gujarat,1962,42.10408333
Gujarat,1963,64.06625
Gujarat,1964,57.54366667
Gujarat,1965,41.05083333
Gujarat,1966,43.91158333
Gujarat,1967,54.85825
Gujarat,1968,27.44383333
Gujarat,1969,36.82608333
Gujarat,1970,78.20175
Gujarat,1971,56.55416667
Gujarat,1972,25.16316667
Gujarat,1973,66.282
Gujarat,1974,20.05625
Gujarat,1975,64.54025
Gujarat,1976,71.41616667
Gujarat,1977,67.53625
Gujarat,1978,49.91483333
Gujarat,1979,51.73441667
Gujarat,1980,51.61241667
Gujarat,1981,60.75041667
Gujarat,1982,36.12416667
Gujarat,1983,54.74791667
Gujarat,1984,47.01041667
Gujarat,1985,32.53691667
Gujarat,1986,33.69966667
Gujarat,1987,16.01316667
Gujarat,1988,51.6925
Gujarat,1989,43.5345
Gujarat,1990,61.32858333
Gujarat,1991,34.32483333
Gujarat,1992,47.0985
Gujarat,1993,44.18141667
Gujarat,1994,83.81325
Gujarat,1995,27.477
Gujarat,1996,58.065
Gujarat,1997,50.43625
Gujarat,1998,71.41175
Gujarat,1999,40.56316667
Gujarat,2000,41.16825
Gujarat,2001,46.20891667
Gujarat,2002,28.06975
Haryana,1901,52.2305
Haryana,1902,41.569
Haryana,1903,36.37483333
Haryana,1904,46.34808333
Haryana,1905,43.72816667
Haryana,1906,55.91183333
Haryana,1907,38.20625
Haryana,1908,65.27383333
Haryana,1909,74.24333333
Haryana,1910,51.207
Haryana,1911,44.58508333
Haryana,1912,49.03241667
Haryana,1913,49.23691667
Haryana,1914,69.85041667
Haryana,1915,47.54775
Haryana,1916,61.80225
Haryana,1917,69.58608333
Haryana,1918,27.80575
Haryana,1919,50.708
Haryana,1920,37.4735
Haryana,1921,53.59766667
Haryana,1922,62.42225
Haryana,1923,48.93
Haryana,1924,58.16583333
Haryana,1925,57.71341667
Haryana,1926,53.41866667
Haryana,1927,45.06383333
Haryana,1928,43.99716667
Haryana,1929,56.13466667
Haryana,1930,44.848
Haryana,1931,59.69216667
Haryana,1932,39.53391667
Haryana,1933,64.62316667
Haryana,1934,45.8735
Haryana,1935,40.18116667
Haryana,1936,79.97116667
Haryana,1937,47.97308333
Haryana,1938,43.45025
Haryana,1939,34.90375
Haryana,1940,41.437
Haryana,1941,36.39483333
Haryana,1942,58.077
Haryana,1943,39.46016667
Haryana,1944,46.26691667
Haryana,1945,55.1475
Haryana,1946,45.3535
Haryana,1947,42.87808333
Haryana,1948,60.0215
Haryana,1949,58.77908333
Haryana,1950,75.47133333
Haryana,1951,39.12866667
Haryana,1952,37.39058333
Haryana,1953,56.2115
Haryana,1954,57.067
Haryana,1955,56.8285
Haryana,1956,52.15975
Haryana,1957,56.58933333
Haryana,1958,61.03241667
Haryana,1959,57.33791667
Haryana,1960,41.61483333
Haryana,1961,68.11883333
Haryana,1962,56.8805
Haryana,1963,45.91458333
Haryana,1964,63.23666667
Haryana,1965,37.80591667
Haryana,1966,61.789
Haryana,1967,61.73233333
Haryana,1968,42.51675
Haryana,1969,53.97766667
Haryana,1970,42.553
Haryana,1971,66.849
Haryana,1972,49.7895
Haryana,1973,52.589
Haryana,1974,33.95258333
Haryana,1975,68.70183333
Haryana,1976,79.9115
Haryana,1977,55.52291667
Haryana,1978,72.71458333
Haryana,1979,40.77216667
Haryana,1980,89.17158333
Haryana,1981,61.43641667
Haryana,1982,53.61
Haryana,1983,66.89116667
Haryana,1984,62.95283333
Haryana,1985,63.1965
Haryana,1986,62.79691667
Haryana,1987,29.63766667
Haryana,1988,66.358
Haryana,1989,49.05008333
Haryana,1990,72.69191667
Haryana,1991,44.91041667
Haryana,1992,49.9595
Haryana,1993,51.40533333
Haryana,1994,51.734
Haryana,1995,69.36
Haryana,1996,65.35066667
Haryana,1997,65.3875
Haryana,1998,54.0905
Haryana,1999,33.01116667
Haryana,2000,49.47808333
Haryana,2001,39.09316667
Haryana,2002,39.72933333
Himachal Pradesh,1901,62.03833333
Himachal Pradesh,1902,62.07675
Himachal Pradesh,1903,68.96783333
Himachal Pradesh,1904,60.53391667
Himachal Pradesh,1905,60.75475
Himachal Pradesh,1906,73.92966667
Himachal Pradesh,1907,64.88558333
Himachal Pradesh,1908,93.85508333
Himachal Pradesh,1909,98.10708333
Himachal Pradesh,1910,74.38791667
Himachal Pradesh,1911,73.37091667
Himachal Pradesh,1912,50.974
Himachal Pradesh,1913,69.696
Himachal Pradesh,1914,82.93983333
Himachal Pradesh,1915,66.99941667
Himachal Pradesh,1916,71.29166667
Himachal Pradesh,1917,105.16275
Himachal Pradesh,1918,40.40825
Himachal Pradesh,1919,49.79341667
Himachal Pradesh,1920,47.14583333
Himachal Pradesh,1921,63.26716667
Himachal Pradesh,1922,73.7245
Himachal Pradesh,1923,86.91733333
Himachal Pradesh,1924,76.47541667
Himachal Pradesh,1925,71.02366667
Himachal Pradesh,1926,60.826
Himachal Pradesh,1927,59.27383333
Himachal Pradesh,1928,70.52883333
Himachal Pradesh,1929,61.09591667
Himachal Pradesh,1930,50.76875
Himachal Pradesh,1931,97.578
Himachal Pradesh,1932,44.66225
Himachal Pradesh,1933,81.04675
Himachal Pradesh,1934,63.75866667
Himachal Pradesh,1935,47.18983333
Himachal Pradesh,1936,104.40275
Himachal Pradesh,1937,68.804
Himachal Pradesh,1938,58.97916667
Himachal Pradesh,1939,46.41291667
Himachal Pradesh,1940,66.87558333
Himachal Pradesh,1941,60.37266667
Himachal Pradesh,1942,82.47716667
Himachal Pradesh,1943,44.42758333
Himachal Pradesh,1944,70.72275
Himachal Pradesh,1945,87.38691667
Himachal Pradesh,1946,46.64133333
Himachal Pradesh,1947,64.18708333
Himachal Pradesh,1948,95.30091667
Himachal Pradesh,1949,61.15383333
Himachal Pradesh,1950,105.0378333
Himachal Pradesh,1951,67.77633333
Himachal Pradesh,1952,39.25566667
Himachal Pradesh,1953,98.61125
Himachal Pradesh,1954,87.8175
Himachal Pradesh,1955,68.79183333
Himachal Pradesh,1956,68.05883333
Himachal Pradesh,1957,91.34833333
Himachal Pradesh,1958,68.07
Himachal Pradesh,1959,88.2685
Himachal Pradesh,1960,65.07775
Himachal Pradesh,1961,69.2095
Himachal Pradesh,1962,67.5975
Himachal Pradesh,1963,42.4525
Himachal Pradesh,1964,75.18716667
Himachal Pradesh,1965,50.32233333
Himachal Pradesh,1966,87.61241667
Himachal Pradesh,1967,57.86591667
Himachal Pradesh,1968,50.06866667
Himachal Pradesh,1969,66.25966667
Himachal Pradesh,1970,42.081
Himachal Pradesh,1971,67.56633333
Himachal Pradesh,1972,68.91925
Himachal Pradesh,1973,78.45841667
Himachal Pradesh,1974,57.34025
Himachal Pradesh,1975,98.31383333
Himachal Pradesh,1976,115.69575
Himachal Pradesh,1977,74.30233333
Himachal Pradesh,1978,117.3526667
Himachal Pradesh,1979,56.96591667
Himachal Pradesh,1980,98.23208333
Himachal Pradesh,1981,72.09266667
Himachal Pradesh,1982,49.57383333
Himachal Pradesh,1983,90.56083333
Himachal Pradesh,1984,91.69366667
Himachal Pradesh,1985,86.81025
Himachal Pradesh,1986,83.97808333
Himachal Pradesh,1987,47.33683333
Himachal Pradesh,1988,99.10375
Himachal Pradesh,1989,59.40883333
Himachal Pradesh,1990,100.2695
Himachal Pradesh,1991,48.6625
Himachal Pradesh,1992,74.77066667
Himachal Pradesh,1993,53.86
Himachal Pradesh,1994,66.0115
Himachal Pradesh,1995,96.454
Himachal Pradesh,1996,108.223
Himachal Pradesh,1997,89.87158333
Himachal Pradesh,1998,69.2125
Himachal Pradesh,1999,62.73841667
Himachal Pradesh,2000,51.14625
Himachal Pradesh,2001,61.21791667
Himachal Pradesh,2002,67.22216667
Jammu & Kashmir,1901,50.69975
Jammu & Kashmir,1902,60.17925
Jammu & Kashmir,1903,70.66866667
Jammu & Kashmir,1904,57.41225
Jammu & Kashmir,1905,55.51291667
Jammu & Kashmir,1906,74.95133333
Jammu & Kashmir,1907,65.98691667
Jammu & Kashmir,1908,94.06891667
Jammu & Kashmir,1909,89.104
Jammu & Kashmir,1910,71.63483333
Jammu & Kashmir,1911,67.92841667
Jammu & Kashmir,1912,48.68333333
Jammu & Kashmir,1913,76.87475
Jammu & Kashmir,1914,72.42558333
Jammu & Kashmir,1915,60.07741667
Jammu & Kashmir,1916,57.14208333
Jammu & Kashmir,1917,90.11466667
Jammu & Kashmir,1918,42.78283333
Jammu & Kashmir,1919,42.90091667
Jammu & Kashmir,1920,46.14841667
Jammu & Kashmir,1921,60.86408333
Jammu & Kashmir,1922,64.179
Jammu & Kashmir,1923,87.71508333
Jammu & Kashmir,1924,74.67675
Jammu & Kashmir,1925,57.17533333
Jammu & Kashmir,1926,53.87716667
Jammu & Kashmir,1927,53.30241667
Jammu & Kashmir,1928,61.61491667
Jammu & Kashmir,1929,54.6925
Jammu & Kashmir,1930,46.42866667
Jammu & Kashmir,1931,98.88583333
Jammu & Kashmir,1932,41.808
Jammu & Kashmir,1933,70.13608333
Jammu & Kashmir,1934,53.21683333
Jammu & Kashmir,1935,54.87225
Jammu & Kashmir,1936,85.04758333
Jammu & Kashmir,1937,66.44616667
Jammu & Kashmir,1938,51.61008333
Jammu & Kashmir,1939,50.37258333
Jammu & Kashmir,1940,64.78875
Jammu & Kashmir,1941,62.46375
Jammu & Kashmir,1942,83.05075
Jammu & Kashmir,1943,33.74675
Jammu & Kashmir,1944,75.62741667
Jammu & Kashmir,1945,88.58316667
Jammu & Kashmir,1946,39.32991667
Jammu & Kashmir,1947,54.7885
Jammu & Kashmir,1948,97.77191667
Jammu & Kashmir,1949,54.82816667
Jammu & Kashmir,1950,106.13925
Jammu & Kashmir,1951,74.01158333
Jammu & Kashmir,1952,41.59208333
Jammu & Kashmir,1953,98.32125
Jammu & Kashmir,1954,79.87333333
Jammu & Kashmir,1955,66.30625
Jammu & Kashmir,1956,80.35583333
Jammu & Kashmir,1957,106.1881667
Jammu & Kashmir,1958,59.68741667
Jammu & Kashmir,1959,93.29083333
Jammu & Kashmir,1960,61.75091667
Jammu & Kashmir,1961,57.91708333
Jammu & Kashmir,1962,71.32291667
Jammu & Kashmir,1963,34.5805
Jammu & Kashmir,1964,85.21841667
Jammu & Kashmir,1965,50.58883333
Jammu & Kashmir,1966,86.92475
Jammu & Kashmir,1967,67.9145
Jammu & Kashmir,1968,48.39008333
Jammu & Kashmir,1969,56.70525
Jammu & Kashmir,1970,39.90308333
Jammu & Kashmir,1971,54.30033333
Jammu & Kashmir,1972,84.34091667
Jammu & Kashmir,1973,85.43525
Jammu & Kashmir,1974,78.87
Jammu & Kashmir,1975,114.14025
Jammu & Kashmir,1976,106.46625
Jammu & Kashmir,1977,59.75558333
Jammu & Kashmir,1978,102.8448333
Jammu & Kashmir,1979,53.26975
Jammu & Kashmir,1980,87.69508333
Jammu & Kashmir,1981,81.92966667
Jammu & Kashmir,1982,65.55791667
Jammu & Kashmir,1983,97.46783333
Jammu & Kashmir,1984,75.273
Jammu & Kashmir,1985,65.68475
Jammu & Kashmir,1986,79.81158333
Jammu & Kashmir,1987,56.70975
Jammu & Kashmir,1988,109.7544167
Jammu & Kashmir,1989,65.55258333
Jammu & Kashmir,1990,107.6141667
Jammu & Kashmir,1991,53.96633333
Jammu & Kashmir,1992,82.91933333
Jammu & Kashmir,1993,63.55766667
Jammu & Kashmir,1994,76.634
Jammu & Kashmir,1995,97.38025
Jammu & Kashmir,1996,120.2188333
Jammu & Kashmir,1997,85.964
Jammu & Kashmir,1998,70.89891667
Jammu & Kashmir,1999,72.65858333
Jammu & Kashmir,2000,47.31975
Jammu & Kashmir,2001,63.54558333
Jammu & Kashmir,2002,66.747
Jharkhand,1901,98.35258333
Jharkhand,1902,90.2355
Jharkhand,1903,77.91616667
Jharkhand,1904,130.5683333
Jharkhand,1905,118.2339167
Jharkhand,1906,121.3950833
Jharkhand,1907,101.7654167
Jharkhand,1908,114.8099167
Jharkhand,1909,109.7701667
Jharkhand,1910,103.4971667
Jharkhand,1911,119.7035833
Jharkhand,1912,85.74933333
Jharkhand,1913,132.0400833
Jharkhand,1914,95.48033333
Jharkhand,1915,103.1224167
Jharkhand,1916,131.4705
Jharkhand,1917,134.35225
Jharkhand,1918,100.96575
Jharkhand,1919,138.3928333
Jharkhand,1920,122.7814167
Jharkhand,1921,112.1348333
Jharkhand,1922,146.8614167
Jharkhand,1923,127.9999167
Jharkhand,1924,107.5405
Jharkhand,1925,119.2013333
Jharkhand,1926,122.2689167
Jharkhand,1927,108.4344167
Jharkhand,1928,127.3066667
Jharkhand,1929,110.3988333
Jharkhand,1930,95.481
Jharkhand,1931,122.327
Jharkhand,1932,109.4415
Jharkhand,1933,124.1770833
Jharkhand,1934,114.8015833
Jharkhand,1935,107.7273333
Jharkhand,1936,142.122
Jharkhand,1937,125.96975
Jharkhand,1938,97.17108333
Jharkhand,1939,124.2666667
Jharkhand,1940,109.44025
Jharkhand,1941,129.48725
Jharkhand,1942,135.7323333
Jharkhand,1943,138.8890833
Jharkhand,1944,132.708
Jharkhand,1945,103.92875
Jharkhand,1946,144.87425
Jharkhand,1947,118.7405833
Jharkhand,1948,118.6670833
Jharkhand,1949,125.49525
Jharkhand,1950,114.0696667
Jharkhand,1951,105.5728333
Jharkhand,1952,97.35025
Jharkhand,1953,107.2133333
Jharkhand,1954,89.58033333
Jharkhand,1955,84.70391667
Jharkhand,1956,146.65875
Jharkhand,1957,97.59425
Jharkhand,1958,119.58425
Jharkhand,1959,105.866
Jharkhand,1960,110.81825
Jharkhand,1961,123.1374167
Jharkhand,1962,87.40858333
Jharkhand,1963,120.0603333
Jharkhand,1964,126.85025
Jharkhand,1965,91.79225
Jharkhand,1966,66.28208333
Jharkhand,1967,106.04975
Jharkhand,1968,106.3928333
Jharkhand,1969,109.8469167
Jharkhand,1970,114.4155833
Jharkhand,1971,183.573
Jharkhand,1972,109.3063333
Jharkhand,1973,126.1878333
Jharkhand,1974,111.4865
Jharkhand,1975,105.9181667
Jharkhand,1976,109.288
Jharkhand,1977,150.62475
Jharkhand,1978,154.3804167
Jharkhand,1979,87.51016667
Jharkhand,1980,107.9481667
Jharkhand,1981,95.77308333
Jharkhand,1982,107.07025
Jharkhand,1983,100.8105833
Jharkhand,1984,129.6924167
Jharkhand,1985,105.45125
Jharkhand,1986,120.6699167
Jharkhand,1987,117.85675
Jharkhand,1988,95.19225
Jharkhand,1989,104.8568333
Jharkhand,1990,154.12875
Jharkhand,1991,126.3669167
Jharkhand,1992,68.88416667
Jharkhand,1993,106.5261667
Jharkhand,1994,120.5205
Jharkhand,1995,94.60216667
Jharkhand,1996,114.464
Jharkhand,1997,104.3869167
Jharkhand,1998,104.8059167
Jharkhand,1999,107.7785833
Jharkhand,2000,76.22608333
Jharkhand,2001,78.17091667
Jharkhand,2002,95.69808333
Karnataka,1901,58.94741667
Karnataka,1902,54.73575
Karnataka,1903,82.772
Karnataka,1904,46.28525
Karnataka,1905,41.24225
Karnataka,1906,75.93383333
Karnataka,1907,56.51283333
Karnataka,1908,45.31466667
Karnataka,1909,56.05408333
Karnataka,1910,73.91541667
Karnataka,1911,56.9595
Karnataka,1912,54.05091667
Karnataka,1913,62.22225
Karnataka,1914,70.54058333
Karnataka,1915,79.08883333
Karnataka,1916,89.56491667
Karnataka,1917,76.79758333
Karnataka,1918,37.7135
Karnataka,1919,60.02433333
Karnataka,1920,44.92408333
Karnataka,1921,61.64641667
Karnataka,1922,45.439
Karnataka,1923,47.88116667
Karnataka,1924,51.3335
Karnataka,1925,59.43133333
Karnataka,1926,47.67675
Karnataka,1927,54.884
Karnataka,1928,65.82291667
Karnataka,1929,61.0755
Karnataka,1930,62.357
Karnataka,1931,66.99541667
Karnataka,1932,97.61816667
Karnataka,1933,98.06708333
Karnataka,1934,74.18958333
Karnataka,1935,69.46841667
Karnataka,1936,42.86875
Karnataka,1937,44.02708333
Karnataka,1938,69.96041667
Karnataka,1939,61.123
Karnataka,1940,57.65216667
Karnataka,1941,54.35525
Karnataka,1942,53.88208333
Karnataka,1943,78.2605
Karnataka,1944,64.511
Karnataka,1945,45.15058333
Karnataka,1946,80.6205
Karnataka,1947,64.32266667
Karnataka,1948,64.153
Karnataka,1949,60.98283333
Karnataka,1950,65.47566667
Karnataka,1951,68.19591667
Karnataka,1952,53.90241667
Karnataka,1953,83.22783333
Karnataka,1954,75.03
Karnataka,1955,78.75325
Karnataka,1956,117.8475
Karnataka,1957,89.21041667
Karnataka,1958,84.02841667
Karnataka,1959,72.17733333
Karnataka,1960,57.72816667
Karnataka,1961,83.13725
Karnataka,1962,81.76708333
Karnataka,1963,79.62316667
Karnataka,1964,115.7699167
Karnataka,1965,56.06091667
Karnataka,1966,73.0595
Karnataka,1967,75.63975
Karnataka,1968,77.06558333
Karnataka,1969,75.5405
Karnataka,1970,69.78783333
Karnataka,1971,70.13008333
Karnataka,1972,36.98983333
Karnataka,1973,84.08108333
Karnataka,1974,82.81133333
Karnataka,1975,91.76758333
Karnataka,1976,51.7355
Karnataka,1977,85.15
Karnataka,1978,89.95583333
Karnataka,1979,65.41541667
Karnataka,1980,60.96016667
Karnataka,1981,76.36591667
Karnataka,1982,76.67166667
Karnataka,1983,69.676
Karnataka,1984,60.28566667
Karnataka,1985,48.13741667
Karnataka,1986,50.62483333
Karnataka,1987,60.34458333
Karnataka,1988,76.22858333
Karnataka,1989,61.99291667
Karnataka,1990,62.5235
Karnataka,1991,73.68058333
Karnataka,1992,79.51333333
Karnataka,1993,67.37158333
Karnataka,1994,84.82783333
Karnataka,1995,69.47608333
Karnataka,1996,70.47316667
Karnataka,1997,73.33841667
Karnataka,1998,67.92391667
Karnataka,1999,64.08291667
Karnataka,2000,71.46316667
Karnataka,2001,50.62733333
Karnataka,2002,52.7475
Kerala,1901,169.79175
Kerala,1902,204.9519167
Kerala,1903,171.0468333
Kerala,1904,143.27925
Kerala,1905,146.4145
Kerala,1906,140.0386667
Kerala,1907,180.11975
Kerala,1908,165.4559167
Kerala,1909,160.58025
Kerala,1910,200.413
Kerala,1911,171.6615833
Kerala,1912,225.89175
Kerala,1913,133.6495833
Kerala,1914,160.164
Kerala,1915,186.7756667
Kerala,1916,205.3559167
Kerala,1917,188.67425
Kerala,1918,159.3588333
Kerala,1919,178.2750833
Kerala,1920,189.1386667
Kerala,1921,198.3035833
Kerala,1922,186.33525
Kerala,1923,141.40175
Kerala,1924,194.1391667
Kerala,1925,164.823
Kerala,1926,136.465
Kerala,1927,187.1186667
Kerala,1928,161.9576667
Kerala,1929,207.0530833
Kerala,1930,209.3835833
Kerala,1931,156.60975
Kerala,1932,190.35925
Kerala,1933,225.0693333
Kerala,1934,126.8840833
Kerala,1935,207.5136667
Kerala,1936,169.1259167
Kerala,1937,153.6610833
Kerala,1938,135.52375
Kerala,1939,188.1870833
Kerala,1940,178.2253333
Kerala,1941,187.3418333
Kerala,1942,176.0823333
Kerala,1943,177.528
Kerala,1944,218.8080833
Kerala,1945,118.4470833
Kerala,1946,208.79875
Kerala,1947,190.7163333
Kerala,1948,167.66925
Kerala,1949,169.9508333
Kerala,1950,149.4743333
Kerala,1951,177.4671667
Kerala,1952,159.19575
Kerala,1953,170.77575
Kerala,1954,172.8758333
Kerala,1955,216.6405
Kerala,1956,213.0193333
Kerala,1957,231.8803333
Kerala,1958,163.2413333
Kerala,1959,200.3913333
Kerala,1960,178.71125
Kerala,1961,196.3811667
Kerala,1962,187.7736667
Kerala,1963,184.6905
Kerala,1964,170.0995
Kerala,1965,147.33975
Kerala,1966,190.8891667
Kerala,1967,159.42925
Kerala,1968,155.6901667
Kerala,1969,142.6434167
Kerala,1970,178.0805833
Kerala,1971,175.6433333
Kerala,1972,235.48075
Kerala,1973,134.6274167
Kerala,1974,141.3484167
Kerala,1975,241.06
Kerala,1976,148.5069167
Kerala,1977,206.146
Kerala,1978,136.5879167
Kerala,1979,173.8209167
Kerala,1980,163.8185833
Kerala,1981,200.7025833
Kerala,1982,138.1375833
Kerala,1983,162.3949167
Kerala,1984,151.758
Kerala,1985,140.1300833
Kerala,1986,155.0068333
Kerala,1987,173.27225
Kerala,1988,217.9131667
Kerala,1989,165.1366667
Kerala,1990,150.309
Kerala,1991,194.06525
Kerala,1992,189.2131667
Kerala,1993,191.85125
Kerala,1994,152.9029167
Kerala,1995,158.6605833
Kerala,1996,194.8475833
Kerala,1997,195.0589167
Kerala,1998,222.4244167
Kerala,1999,166.3674167
Kerala,2000,173.753
Kerala,2001,209.2614167
Kerala,2002,138.7474167
Madhya Pradesh,1901,97.76941667
Madhya Pradesh,1902,75.73158333
Madhya Pradesh,1903,135.7144167
Madhya Pradesh,1904,92.39583333
Madhya Pradesh,1905,129.3156667
Madhya Pradesh,1906,139.4538333
Madhya Pradesh,1907,108.671
Madhya Pradesh,1908,123.27725
Madhya Pradesh,1909,115.3588333
Madhya Pradesh,1910,126.2174167
Madhya Pradesh,1911,106.55425
Madhya Pradesh,1912,107.97325
Madhya Pradesh,1913,109.60275
Madhya Pradesh,1914,114.6691667
Madhya Pradesh,1915,120.74225
Madhya Pradesh,1916,119.4154167
Madhya Pradesh,1917,126.71975
Madhya Pradesh,1918,94.31308333
Madhya Pradesh,1919,148.6115833
Madhya Pradesh,1920,86.5555
Madhya Pradesh,1921,114.4593333
Madhya Pradesh,1922,106.5553333
Madhya Pradesh,1923,110.09775
Madhya Pradesh,1924,92.60733333
Madhya Pradesh,1925,125.5683333
Madhya Pradesh,1926,151.9939167
Madhya Pradesh,1927,122.3010833
Madhya Pradesh,1928,119.9909167
Madhya Pradesh,1929,149.6195833
Madhya Pradesh,1930,95.81608333
Madhya Pradesh,1931,130.2625
Madhya Pradesh,1932,111.3533333
Madhya Pradesh,1933,131.4573333
Madhya Pradesh,1934,135.8418333
Madhya Pradesh,1935,98.51483333
Madhya Pradesh,1936,123.535
Madhya Pradesh,1937,124.1494167
Madhya Pradesh,1938,126.60425
Madhya Pradesh,1939,105.5546667
Madhya Pradesh,1940,127.6191667
Madhya Pradesh,1941,80.50283333
Madhya Pradesh,1942,118.3941667
Madhya Pradesh,1943,117.39975
Madhya Pradesh,1944,155.3361667
Madhya Pradesh,1945,130.0754167
Madhya Pradesh,1946,104.4049167
Madhya Pradesh,1947,142.6171667
Madhya Pradesh,1948,119.7028333
Madhya Pradesh,1949,139.7713333
Madhya Pradesh,1950,85.88608333
Madhya Pradesh,1951,106.2125833
Madhya Pradesh,1952,78.45558333
Madhya Pradesh,1953,103.89925
Madhya Pradesh,1954,116.053
Madhya Pradesh,1955,157.4555833
Madhya Pradesh,1956,132.8204167
Madhya Pradesh,1957,107.6715
Madhya Pradesh,1958,112.0215
Madhya Pradesh,1959,116.5055
Madhya Pradesh,1960,113.09625
Madhya Pradesh,1961,142.8565833
Madhya Pradesh,1962,112.87475
Madhya Pradesh,1963,113.5780833
Madhya Pradesh,1964,105.13775
Madhya Pradesh,1965,84.81166667
Madhya Pradesh,1966,96.2025
Madhya Pradesh,1967,121.1794167
Madhya Pradesh,1968,119.2505833
Madhya Pradesh,1969,123.7383333
Madhya Pradesh,1970,141.1136667
Madhya Pradesh,1971,105.8660833
Madhya Pradesh,1972,90.87616667
Madhya Pradesh,1973,118.1223333
Madhya Pradesh,1974,101.6265833
Madhya Pradesh,1975,117.4829167
Madhya Pradesh,1976,111.7185
Madhya Pradesh,1977,120.9843333
Madhya Pradesh,1978,107.47225
Madhya Pradesh,1979,115.96375
Madhya Pradesh,1980,90.06858333
Madhya Pradesh,1981,117.20675
Madhya Pradesh,1982,104.6163333
Madhya Pradesh,1983,112.24675
Madhya Pradesh,1984,93.34216667
Madhya Pradesh,1985,124.9598333
Madhya Pradesh,1986,101.1110833
Madhya Pradesh,1987,97.90975
Madhya Pradesh,1988,103.4426667
Madhya Pradesh,1989,88.46958333
Madhya Pradesh,1990,127.9313333
Madhya Pradesh,1991,103.655
Madhya Pradesh,1992,98.65133333
Madhya Pradesh,1993,120.82825
Madhya Pradesh,1994,171.2750833
Madhya Pradesh,1995,121.54225
Madhya Pradesh,1996,89.71525
Madhya Pradesh,1997,97.47233333
Madhya Pradesh,1998,102.1834167
Madhya Pradesh,1999,110.0115833
Madhya Pradesh,2000,85.79725
Madhya Pradesh,2001,107.7698333
Madhya Pradesh,2002,96.77583333
Maharashtra,1901,63.09275
Maharashtra,1902,70.94033333
Maharashtra,1903,97.55408333
Maharashtra,1904,48.70241667
Maharashtra,1905,46.72983333
Maharashtra,1906,67.80358333
Maharashtra,1907,75.70266667
Maharashtra,1908,51.40575
Maharashtra,1909,68.41491667
Maharashtra,1910,99.357
Maharashtra,1911,65.175
Maharashtra,1912,45.41
Maharashtra,1913,73.7935
Maharashtra,1914,71.83291667
Maharashtra,1915,99.5885
Maharashtra,1916,107.42625
Maharashtra,1917,79.71766667
Maharashtra,1918,35.24033333
Maharashtra,1919,70.55508333
Maharashtra,1920,35.16175
Maharashtra,1921,59.50758333
Maharashtra,1922,54.61625
Maharashtra,1923,61.18591667
Maharashtra,1924,62.07625
Maharashtra,1925,57.7945
Maharashtra,1926,66.637
Maharashtra,1927,67.67808333
Maharashtra,1928,94.09166667
Maharashtra,1929,57.229
Maharashtra,1930,70.13758333
Maharashtra,1931,76.95133333
Maharashtra,1932,86.82775
Maharashtra,1933,97.90116667
Maharashtra,1934,92.9675
Maharashtra,1935,82.29275
Maharashtra,1936,47.77158333
Maharashtra,1937,69.92483333
Maharashtra,1938,123.4578333
Maharashtra,1939,51.50883333
Maharashtra,1940,75.05233333
Maharashtra,1941,50.11008333
Maharashtra,1942,58.14233333
Maharashtra,1943,91.1295
Maharashtra,1944,74.85983333
Maharashtra,1945,58.54183333
Maharashtra,1946,77.29466667
Maharashtra,1947,88.32066667
Maharashtra,1948,87.5375
Maharashtra,1949,69.705
Maharashtra,1950,66.148
Maharashtra,1951,71.38658333
Maharashtra,1952,51.75333333
Maharashtra,1953,73.7935
Maharashtra,1954,85.34258333
Maharashtra,1955,87.3095
Maharashtra,1956,114.2748333
Maharashtra,1957,89.06608333
Maharashtra,1958,87.3375
Maharashtra,1959,88.2755
Maharashtra,1960,66.45741667
Maharashtra,1961,75.72566667
Maharashtra,1962,75.11958333
Maharashtra,1963,67.409
Maharashtra,1964,69.17183333
Maharashtra,1965,68.90908333
Maharashtra,1966,54.97508333
Maharashtra,1967,68.66333333
Maharashtra,1968,64.35533333
Maharashtra,1969,83.00275
Maharashtra,1970,81.08008333
Maharashtra,1971,64.6035
Maharashtra,1972,29.64466667
Maharashtra,1973,71.05425
Maharashtra,1974,80.07508333
Maharashtra,1975,93.67241667
Maharashtra,1976,65.03533333
Maharashtra,1977,46.12308333
Maharashtra,1978,53.62141667
Maharashtra,1979,81.096
Maharashtra,1980,58.85083333
Maharashtra,1981,75.87533333
Maharashtra,1982,50.54275
Maharashtra,1983,90.32825
Maharashtra,1984,65.26691667
Maharashtra,1985,62.85983333
Maharashtra,1986,58.51758333
Maharashtra,1987,60.86058333
Maharashtra,1988,91.54766667
Maharashtra,1989,63.31725
Maharashtra,1990,82.6525
Maharashtra,1991,61.56216667
Maharashtra,1992,62.40308333
Maharashtra,1993,64.14041667
Maharashtra,1994,85.62341667
Maharashtra,1995,65.58791667
Maharashtra,1996,80.42333333
Maharashtra,1997,79.47008333
Maharashtra,1998,78.36783333
Maharashtra,1999,68.78591667
Maharashtra,2000,49.6085
Maharashtra,2001,49.69508333
Maharashtra,2002,48.32516667
Manipur,1901,230.1655
Manipur,1902,233.7878333
Manipur,1903,223.4968333
Manipur,1904,217.9885
Manipur,1905,276.99575
Manipur,1906,235.208
Manipur,1907,201.7035
Manipur,1908,207.6019167
Manipur,1909,204.7160833
Manipur,1910,259.45325
Manipur,1911,291.54475
Manipur,1912,216.4190833
Manipur,1913,215.669
Manipur,1914,205.5781667
Manipur,1915,252.2880833
Manipur,1916,261.8484167
Manipur,1917,217.7095
Manipur,1918,251.0103333
Manipur,1919,210.6329167
Manipur,1920,207.7
Manipur,1921,252.9330833
Manipur,1922,220.2529167
Manipur,1923,205.3855
Manipur,1924,251.9981667
Manipur,1925,202.1646667
Manipur,1926,212.7708333
Manipur,1927,256.2511667
Manipur,1928,224.0118333
Manipur,1929,240.5993333
Manipur,1930,233.7124167
Manipur,1931,224.7890833
Manipur,1932,254.10375
Manipur,1933,186.2288333
Manipur,1934,279.46575
Manipur,1935,225.1246667
Manipur,1936,214.5125
Manipur,1937,196.0876667
Manipur,1938,289.60225
Manipur,1939,228.9091667
Manipur,1940,228.2801667
Manipur,1941,225.6218333
Manipur,1942,242.2976667
Manipur,1943,221.3153333
Manipur,1944,223.0955
Manipur,1945,225.55625
Manipur,1946,233.8208333
Manipur,1947,304.5881667
Manipur,1948,247.194
Manipur,1949,254.86
Manipur,1950,218.5195
Manipur,1951,318.89675
Manipur,1952,348.60475
Manipur,1953,273.4846667
Manipur,1954,285.4215
Manipur,1955,235.3914167
Manipur,1956,269.3926667
Manipur,1957,239.30475
Manipur,1958,243.3519167
Manipur,1959,298.2659167
Manipur,1960,221.278
Manipur,1961,223.0086667
Manipur,1962,198.7855833
Manipur,1963,213.3484167
Manipur,1964,308.8955
Manipur,1965,254.9224167
Manipur,1966,256.8025
Manipur,1967,200.0949167
Manipur,1968,240.4711667
Manipur,1969,269.74525
Manipur,1970,210.1934167
Manipur,1971,163.6919167
Manipur,1972,168.4509167
Manipur,1973,236.63475
Manipur,1974,296.3059167
Manipur,1975,202.1376667
Manipur,1976,212.95775
Manipur,1977,239.3851667
Manipur,1978,184.2006667
Manipur,1979,175.187
Manipur,1980,218.1381667
Manipur,1981,249.3400833
Manipur,1982,217.2611667
Manipur,1983,248.20525
Manipur,1984,257.491
Manipur,1985,191.8830833
Manipur,1986,192.4524167
Manipur,1987,205.2389167
Manipur,1988,246.8901667
Manipur,1989,192.2415833
Manipur,1990,217.9375
Manipur,1991,235.8626667
Manipur,1992,223.36
Manipur,1993,245.2005
Manipur,1994,202.7345
Manipur,1995,222.7881667
Manipur,1996,215.8684167
Manipur,1997,205.3274167
Manipur,1998,226.9200833
Manipur,1999,188.1091667
Manipur,2000,204.0464167
Manipur,2001,233.4114167
Manipur,2002,240.68525
Meghalaya,1901,193.5636667
Meghalaya,1902,231.1938333
Meghalaya,1903,221.849
Meghalaya,1904,248.0365833
Meghalaya,1905,235.4188333
Meghalaya,1906,214.46525
Meghalaya,1907,217.8214167
Meghalaya,1908,187.5460833
Meghalaya,1909,213.1495
Meghalaya,1910,217.9510833
Meghalaya,1911,269.2958333
Meghalaya,1912,233.7896667
Meghalaya,1913,236.8236667
Meghalaya,1914,215.3260833
Meghalaya,1915,255.0925
Meghalaya,1916,223.0031667
Meghalaya,1917,248.7220833
Meghalaya,1918,262.99825
Meghalaya,1919,205.17875
Meghalaya,1920,200.3828333
Meghalaya,1921,240.9613333
Meghalaya,1922,222.96025
Meghalaya,1923,187.1141667
Meghalaya,1924,242.94975
Meghalaya,1925,227.5425
Meghalaya,1926,192.90575
Meghalaya,1927,228.0206667
Meghalaya,1928,229.7845833
Meghalaya,1929,229.852
Meghalaya,1930,216.3246667
Meghalaya,1931,253.83625
Meghalaya,1932,212.9299167
Meghalaya,1933,199.49375
Meghalaya,1934,277.16425
Meghalaya,1935,222.1999167
Meghalaya,1936,226.6319167
Meghalaya,1937,233.4328333
Meghalaya,1938,253.39
Meghalaya,1939,217.4585833
Meghalaya,1940,214.65325
Meghalaya,1941,242.5294167
Meghalaya,1942,221.5673333
Meghalaya,1943,244.2270833
Meghalaya,1944,178.0145
Meghalaya,1945,221.569
Meghalaya,1946,236.19975
Meghalaya,1947,243.3970833
Meghalaya,1948,245.7419167
Meghalaya,1949,273.0928333
Meghalaya,1950,194.0854167
Meghalaya,1951,199.5010833
Meghalaya,1952,266.7535833
Meghalaya,1953,204.4669167
Meghalaya,1954,260.7140833
Meghalaya,1955,241.8691667
Meghalaya,1956,288.6348333
Meghalaya,1957,183.5446667
Meghalaya,1958,223.4495833
Meghalaya,1959,237.0326667
Meghalaya,1960,204.4093333
Meghalaya,1961,206.8576667
Meghalaya,1962,170.553
Meghalaya,1963,221.832
Meghalaya,1964,227.8839167
Meghalaya,1965,210.836
Meghalaya,1966,187.0980833
Meghalaya,1967,182.0876667
Meghalaya,1968,233.995
Meghalaya,1969,220.3468333
Meghalaya,1970,269.177
Meghalaya,1971,189.4544167
Meghalaya,1972,165.5744167
Meghalaya,1973,232.317
Meghalaya,1974,410.5049167
Meghalaya,1975,213.9005
Meghalaya,1976,195.5895833
Meghalaya,1977,260.1089167
Meghalaya,1978,195.55775
Meghalaya,1979,220.6394167
Meghalaya,1980,158.7575833
Meghalaya,1981,139.33325
Meghalaya,1982,221.45
Meghalaya,1983,227.0483333
Meghalaya,1984,353.5090833
Meghalaya,1985,258.58025
Meghalaya,1986,209.0138333
Meghalaya,1987,270.5033333
Meghalaya,1988,304.24825
Meghalaya,1989,233.9880833
Meghalaya,1990,235.1978333
Meghalaya,1991,263.6264167
Meghalaya,1992,230.1249167
Meghalaya,1993,288.947
Meghalaya,1994,200.9670833
Meghalaya,1995,195.2579167
Meghalaya,1996,223.21325
Meghalaya,1997,188.6720833
Meghalaya,1998,212.1711667
Meghalaya,1999,246.38625
Meghalaya,2000,222.2096667
Meghalaya,2001,214.4574167
Meghalaya,2002,212.3623333
Mizoram,1901,226.6156667
Mizoram,1902,227.8665833
Mizoram,1903,221.8748333
Mizoram,1904,207.0315
Mizoram,1905,285.5389167
Mizoram,1906,220.7253333
Mizoram,1907,198.3343333
Mizoram,1908,174.1639167
Mizoram,1909,194.20275
Mizoram,1910,241.6576667
Mizoram,1911,277.6795
Mizoram,1912,224.9513333
Mizoram,1913,221.0505
Mizoram,1914,203.2183333
Mizoram,1915,254.4638333
Mizoram,1916,269.9540833
Mizoram,1917,214.3755833
Mizoram,1918,240.7500833
Mizoram,1919,210.3943333
Mizoram,1920,200.806
Mizoram,1921,243.2445833
Mizoram,1922,215.5509167
Mizoram,1923,205.9638333
Mizoram,1924,252.98575
Mizoram,1925,196.47925
Mizoram,1926,204.29475
Mizoram,1927,235.3964167
Mizoram,1928,218.8070833
Mizoram,1929,235.2385833
Mizoram,1930,224.82175
Mizoram,1931,209.5929167
Mizoram,1932,258.3245833
Mizoram,1933,198.2213333
Mizoram,1934,265.5983333
Mizoram,1935,218.22525
Mizoram,1936,224.0509167
Mizoram,1937,200.0300833
Mizoram,1938,291.8901667
Mizoram,1939,230.58325
Mizoram,1940,225.8119167
Mizoram,1941,225.3384167
Mizoram,1942,233.1771667
Mizoram,1943,217.0050833
Mizoram,1944,199.6610833
Mizoram,1945,216.91975
Mizoram,1946,230.19825
Mizoram,1947,309.91675
Mizoram,1948,229.4516667
Mizoram,1949,258.7864167
Mizoram,1950,201.3655833
Mizoram,1951,312.3228333
Mizoram,1952,324.5764167
Mizoram,1953,264.8685
Mizoram,1954,272.3413333
Mizoram,1955,238.157
Mizoram,1956,260.4814167
Mizoram,1957,219.24375
Mizoram,1958,211.7944167
Mizoram,1959,287.229
Mizoram,1960,212.0468333
Mizoram,1961,228.41775
Mizoram,1962,200.4124167
Mizoram,1963,206.2926667
Mizoram,1964,308.643
Mizoram,1965,240.8498333
Mizoram,1966,251.4115
Mizoram,1967,187.5404167
Mizoram,1968,210.3069167
Mizoram,1969,265.80125
Mizoram,1970,214.95625
Mizoram,1971,162.7961667
Mizoram,1972,153.7635
Mizoram,1973,221.7404167
Mizoram,1974,283.38425
Mizoram,1975,192.3533333
Mizoram,1976,220.44325
Mizoram,1977,220.4694167
Mizoram,1978,198.1275833
Mizoram,1979,170.24575
Mizoram,1980,203.5290833
Mizoram,1981,242.86275
Mizoram,1982,218.0833333
Mizoram,1983,263.0941667
Mizoram,1984,268.3521667
Mizoram,1985,184.3984167
Mizoram,1986,187.1764167
Mizoram,1987,210.1570833
Mizoram,1988,237.90575
Mizoram,1989,184.0545
Mizoram,1990,217.8324167
Mizoram,1991,231.1024167
Mizoram,1992,217.7541667
Mizoram,1993,241.9770833
Mizoram,1994,202.6929167
Mizoram,1995,211.3905
Mizoram,1996,227.42725
Mizoram,1997,205.54775
Mizoram,1998,233.9328333
Mizoram,1999,178.9801667
Mizoram,2000,207.3165
Mizoram,2001,226.5265
Mizoram,2002,238.24175
Nagaland,1901,188.7970833
Nagaland,1902,204.272
Nagaland,1903,191.3404167
Nagaland,1904,181.7505833
Nagaland,1905,209.1990833
Nagaland,1906,196.2955833
Nagaland,1907,171.3411667
Nagaland,1908,180.0800833
Nagaland,1909,177.15575
Nagaland,1910,224.99975
Nagaland,1911,247.5548333
Nagaland,1912,182.5550833
Nagaland,1913,195.22275
Nagaland,1914,173.1938333
Nagaland,1915,220.0445833
Nagaland,1916,220.7446667
Nagaland,1917,185.2694167
Nagaland,1918,211.1606667
Nagaland,1919,177.81625
Nagaland,1920,177.6174167
Nagaland,1921,222.9768333
Nagaland,1922,190.2798333
Nagaland,1923,173.4595833
Nagaland,1924,214.9665833
Nagaland,1925,178.7796667
Nagaland,1926,184.6523333
Nagaland,1927,217.7856667
Nagaland,1928,194.8269167
Nagaland,1929,202.4200833
Nagaland,1930,198.3521667
Nagaland,1931,205.3708333
Nagaland,1932,216.4326667
Nagaland,1933,153.95725
Nagaland,1934,232.6649167
Nagaland,1935,191.1018333
Nagaland,1936,182.687
Nagaland,1937,156.9355
Nagaland,1938,235.0158333
Nagaland,1939,186.3531667
Nagaland,1940,182.6141667
Nagaland,1941,193.29175
Nagaland,1942,195.7005
Nagaland,1943,192.8850833
Nagaland,1944,190.5615833
Nagaland,1945,195.1736667
Nagaland,1946,194.74825
Nagaland,1947,244.4045833
Nagaland,1948,246.163
Nagaland,1949,243.41975
Nagaland,1950,190.5825
Nagaland,1951,236.6960833
Nagaland,1952,260.0873333
Nagaland,1953,224.6835833
Nagaland,1954,241.15575
Nagaland,1955,204.3713333
Nagaland,1956,212.9749167
Nagaland,1957,201.3175833
Nagaland,1958,220.6491667
Nagaland,1959,238.2705
Nagaland,1960,180.7095
Nagaland,1961,187.5526667
Nagaland,1962,153.638
Nagaland,1963,169.967
Nagaland,1964,245.6863333
Nagaland,1965,205.0119167
Nagaland,1966,213.4636667
Nagaland,1967,162.1108333
Nagaland,1968,211.0973333
Nagaland,1969,206.327
Nagaland,1970,192.7443333
Nagaland,1971,157.2448333
Nagaland,1972,148.9745833
Nagaland,1973,204.1695
Nagaland,1974,236.4873333
Nagaland,1975,168.2016667
Nagaland,1976,178.0090833
Nagaland,1977,218.3006667
Nagaland,1978,149.7518333
Nagaland,1979,150.7430833
Nagaland,1980,191.1270833
Nagaland,1981,214.2864167
Nagaland,1982,176.7310833
Nagaland,1983,207.2626667
Nagaland,1984,209.0725833
Nagaland,1985,171.18175
Nagaland,1986,158.46675
Nagaland,1987,171.20925
Nagaland,1988,215.6326667
Nagaland,1989,173.9409167
Nagaland,1990,197.5384167
Nagaland,1991,208.3990833
Nagaland,1992,195.6734167
Nagaland,1993,219.5080833
Nagaland,1994,173.8383333
Nagaland,1995,172.85575
Nagaland,1996,190.1173333
Nagaland,1997,155.8481667
Nagaland,1998,183.9320833
Nagaland,1999,163.75075
Nagaland,2000,173.36975
Nagaland,2001,195.3113333
Nagaland,2002,201.3635833
Orissa,1901,85.86166667
Orissa,1902,93.54325
Orissa,1903,100.7844167
Orissa,1904,116.6349167
Orissa,1905,121.2999167
Orissa,1906,97.17741667
Orissa,1907,85.78891667
Orissa,1908,111.198
Orissa,1909,87.42908333
Orissa,1910,119.1103333
Orissa,1911,99.54708333
Orissa,1912,91.71675
Orissa,1913,94.775
Orissa,1914,98.86725
Orissa,1915,119.6751667
Orissa,1916,112.3208333
Orissa,1917,129.5295833
Orissa,1918,96.8015
Orissa,1919,130.3074167
Orissa,1920,94.869
Orissa,1921,101.8125
Orissa,1922,106.7340833
Orissa,1923,99.82625
Orissa,1924,87.54541667
Orissa,1925,135.014
Orissa,1926,107.5665833
Orissa,1927,110.2576667
Orissa,1928,121.5304167
Orissa,1929,103.5415
Orissa,1930,115.13075
Orissa,1931,100.2616667
Orissa,1932,94.09841667
Orissa,1933,117.3799167
Orissa,1934,100.871
Orissa,1935,76.85258333
Orissa,1936,147.4741667
Orissa,1937,104.617
Orissa,1938,101.43325
Orissa,1939,101.3804167
Orissa,1940,128.4308333
Orissa,1941,102.8299167
Orissa,1942,107.1058333
Orissa,1943,112.4528333
Orissa,1944,117.8390833
Orissa,1945,99.91675
Orissa,1946,134.2370833
Orissa,1947,114.80125
Orissa,1948,113.1996667
Orissa,1949,101.1746667
Orissa,1950,80.26991667
Orissa,1951,113.1613333
Orissa,1952,99.55425
Orissa,1953,93.1455
Orissa,1954,75.15458333
Orissa,1955,112.1039167
Orissa,1956,178.7598333
Orissa,1957,85.89158333
Orissa,1958,130.5058333
Orissa,1959,93.42141667
Orissa,1960,102.3981667
Orissa,1961,114.9340833
Orissa,1962,104.0135833
Orissa,1963,98.9545
Orissa,1964,110.7859167
Orissa,1965,108.2318333
Orissa,1966,79.65016667
Orissa,1967,112.0104167
Orissa,1968,110.79475
Orissa,1969,90.90133333
Orissa,1970,103.6343333
Orissa,1971,137.954
Orissa,1972,92.08241667
Orissa,1973,88.67391667
Orissa,1974,91.44325
Orissa,1975,116.9614167
Orissa,1976,113.5480833
Orissa,1977,117.7314167
Orissa,1978,120.2243333
Orissa,1979,67.84175
Orissa,1980,120.8754167
Orissa,1981,102.8419167
Orissa,1982,94.44591667
Orissa,1983,96.137
Orissa,1984,104.3578333
Orissa,1985,105.1366667
Orissa,1986,113.57875
Orissa,1987,91.84141667
Orissa,1988,95.06958333
Orissa,1989,102.1341667
Orissa,1990,145.8508333
Orissa,1991,99.03575
Orissa,1992,95.80016667
Orissa,1993,113.4285
Orissa,1994,118.1135833
Orissa,1995,104.3299167
Orissa,1996,84.66275
Orissa,1997,104.7275
Orissa,1998,108.2883333
Orissa,1999,106.9404167
Orissa,2000,95.61758333
Orissa,2001,114.5235
Orissa,2002,101.7714167
Pondicherry,1901,79.14408333
Pondicherry,1902,104.862
Pondicherry,1903,120.2291667
Pondicherry,1904,44.66016667
Pondicherry,1905,67.41625
Pondicherry,1906,103.5888333
Pondicherry,1907,102.9553333
Pondicherry,1908,53.466
Pondicherry,1909,51.13958333
Pondicherry,1910,69.85958333
Pondicherry,1911,84.51975
Pondicherry,1912,81.65616667
Pondicherry,1913,116.902
Pondicherry,1914,78.581
Pondicherry,1915,91.34883333
Pondicherry,1916,80.30991667
Pondicherry,1917,85.8355
Pondicherry,1918,86.93608333
Pondicherry,1919,118.9194167
Pondicherry,1920,122.8525833
Pondicherry,1921,85.49166667
Pondicherry,1922,78.04575
Pondicherry,1923,81.48466667
Pondicherry,1924,60.92816667
Pondicherry,1925,98.62166667
Pondicherry,1926,73.71741667
Pondicherry,1927,59.607
Pondicherry,1928,109.5611667
Pondicherry,1929,66.85708333
Pondicherry,1930,115.3368333
Pondicherry,1931,105.2693333
Pondicherry,1932,125.4110833
Pondicherry,1933,92.89016667
Pondicherry,1934,72.47708333
Pondicherry,1935,83.72966667
Pondicherry,1936,62.65833333
Pondicherry,1937,87.2445
Pondicherry,1938,56.96033333
Pondicherry,1939,92.538
Pondicherry,1940,91.14708333
Pondicherry,1941,102.6328333
Pondicherry,1942,75.3975
Pondicherry,1943,81.34383333
Pondicherry,1944,104.9263333
Pondicherry,1945,70.52908333
Pondicherry,1946,115.9766667
Pondicherry,1947,80.737
Pondicherry,1948,64.10691667
Pondicherry,1949,69.50091667
Pondicherry,1950,65.28575
Pondicherry,1951,56.12583333
Pondicherry,1952,59.94166667
Pondicherry,1953,69.84691667
Pondicherry,1954,79.59125
Pondicherry,1955,91.9925
Pondicherry,1956,87.1625
Pondicherry,1957,70.84458333
Pondicherry,1958,56.683
Pondicherry,1959,66.93958333
Pondicherry,1960,83.89266667
Pondicherry,1961,82.71841667
Pondicherry,1962,67.66591667
Pondicherry,1963,93.16141667
Pondicherry,1964,60.3915
Pondicherry,1965,102.2925
Pondicherry,1966,110.4408333
Pondicherry,1967,89.40808333
Pondicherry,1968,72.54258333
Pondicherry,1969,76.76758333
Pondicherry,1970,99.49408333
Pondicherry,1971,94.34708333
Pondicherry,1972,111.0040833
Pondicherry,1973,72.4575
Pondicherry,1974,52.59575
Pondicherry,1975,94.59566667
Pondicherry,1976,89.33275
Pondicherry,1977,117.7656667
Pondicherry,1978,99.96141667
Pondicherry,1979,94.73516667
Pondicherry,1980,60.13066667
Pondicherry,1981,98.38116667
Pondicherry,1982,62.07383333
Pondicherry,1983,118.5085833
Pondicherry,1984,86.14291667
Pondicherry,1985,129.8335833
Pondicherry,1986,81.3105
Pondicherry,1987,86.10066667
Pondicherry,1988,113.1343333
Pondicherry,1989,79.76766667
Pondicherry,1990,87.53216667
Pondicherry,1991,62.64808333
Pondicherry,1992,80.59391667
Pondicherry,1993,105.8063333
Pondicherry,1994,69.11408333
Pondicherry,1995,62.55141667
Pondicherry,1996,101.8325
Pondicherry,1997,99.81058333
Pondicherry,1998,80.048
Pondicherry,1999,56.17491667
Pondicherry,2000,93.83408333
Pondicherry,2001,91.99125
Pondicherry,2002,87.22241667
Punjab,1901,32.51216667
Punjab,1902,24.79508333
Punjab,1903,29.71691667
Punjab,1904,23.59741667
Punjab,1905,33.59316667
Punjab,1906,39.42441667
Punjab,1907,28.59141667
Punjab,1908,58.412
Punjab,1909,59.03283333
Punjab,1910,29.45516667
Punjab,1911,29.79575
Punjab,1912,27.32908333
Punjab,1913,43.46133333
Punjab,1914,49.65416667
Punjab,1915,23.60825
Punjab,1916,44.01441667
Punjab,1917,54.773
Punjab,1918,21.69025
Punjab,1919,37.22733333
Punjab,1920,20.03708333
Punjab,1921,36.3155
Punjab,1922,38.05
Punjab,1923,37.33333333
Punjab,1924,41.90966667
Punjab,1925,36.50916667
Punjab,1926,37.33825
Punjab,1927,27.53833333
Punjab,1928,33.91791667
Punjab,1929,45.56958333
Punjab,1930,29.37866667
Punjab,1931,49.33791667
Punjab,1932,25.10016667
Punjab,1933,39.03016667
Punjab,1934,24.38208333
Punjab,1935,27.70116667
Punjab,1936,44.55708333
Punjab,1937,35.19183333
Punjab,1938,23.44316667
Punjab,1939,26.50875
Punjab,1940,26.45916667
Punjab,1941,29.05091667
Punjab,1942,39.38558333
Punjab,1943,21.72591667
Punjab,1944,37.60583333
Punjab,1945,41.32716667
Punjab,1946,31.65133333
Punjab,1947,24.30575
Punjab,1948,48.48725
Punjab,1949,41.224
Punjab,1950,66.41558333
Punjab,1951,30.7095
Punjab,1952,20.98533333
Punjab,1953,42.28058333
Punjab,1954,45.49541667
Punjab,1955,40.17466667
Punjab,1956,41.70291667
Punjab,1957,43.73691667
Punjab,1958,40.40325
Punjab,1959,48.21383333
Punjab,1960,24.9095
Punjab,1961,48.35866667
Punjab,1962,41.08283333
Punjab,1963,22.892
Punjab,1964,48.54991667
Punjab,1965,30.14141667
Punjab,1966,46.88141667
Punjab,1967,44.486
Punjab,1968,30.703
Punjab,1969,34.64741667
Punjab,1970,26.328
Punjab,1971,41.99116667
Punjab,1972,29.63458333
Punjab,1973,40.80425
Punjab,1974,25.56275
Punjab,1975,50.96458333
Punjab,1976,71.33433333
Punjab,1977,44.21116667
Punjab,1978,67.74391667
Punjab,1979,36.17716667
Punjab,1980,69.89175
Punjab,1981,54.07291667
Punjab,1982,40.9725
Punjab,1983,55.54975
Punjab,1984,65.01041667
Punjab,1985,48.46258333
Punjab,1986,52.84608333
Punjab,1987,27.6125
Punjab,1988,52.12141667
Punjab,1989,38.85491667
Punjab,1990,61.65741667
Punjab,1991,34.50491667
Punjab,1992,44.23966667
Punjab,1993,28.75575
Punjab,1994,37.54741667
Punjab,1995,53.73333333
Punjab,1996,50.99983333
Punjab,1997,74.14533333
Punjab,1998,34.94108333
Punjab,1999,27.67208333
Punjab,2000,35.421
Punjab,2001,37.18125
Punjab,2002,29.61383333
Rajasthan,1901,28.63208333
Rajasthan,1902,28.06291667
Rajasthan,1903,53.3495
Rajasthan,1904,32.38925
Rajasthan,1905,18.04666667
Rajasthan,1906,40.30875
Rajasthan,1907,33.8945
Rajasthan,1908,90.40141667
Rajasthan,1909,61.15041667
Rajasthan,1910,35.25758333
Rajasthan,1911,23.991
Rajasthan,1912,53.26333333
Rajasthan,1913,24.84516667
Rajasthan,1914,44.29225
Rajasthan,1915,23.57633333
Rajasthan,1916,53.62991667
Rajasthan,1917,100.3883333
Rajasthan,1918,10.91066667
Rajasthan,1919,42.0895
Rajasthan,1920,31.14008333
Rajasthan,1921,27.13966667
Rajasthan,1922,35.78266667
Rajasthan,1923,47.95466667
Rajasthan,1924,41.57383333
Rajasthan,1925,33.47066667
Rajasthan,1926,58.69858333
Rajasthan,1927,58.52625
Rajasthan,1928,43.0175
Rajasthan,1929,37.02175
Rajasthan,1930,35.4575
Rajasthan,1931,50.44875
Rajasthan,1932,49.1535
Rajasthan,1933,69.15208333
Rajasthan,1934,48.90533333
Rajasthan,1935,38.845
Rajasthan,1936,43.04425
Rajasthan,1937,34.47775
Rajasthan,1938,39.17341667
Rajasthan,1939,27.18316667
Rajasthan,1940,37.69591667
Rajasthan,1941,27.87108333
Rajasthan,1942,49.951
Rajasthan,1943,68.94091667
Rajasthan,1944,61.08891667
Rajasthan,1945,56.45766667
Rajasthan,1946,35.31391667
Rajasthan,1947,52.24191667
Rajasthan,1948,45.53483333
Rajasthan,1949,39.821
Rajasthan,1950,39.49358333
Rajasthan,1951,41.76433333
Rajasthan,1952,49.377
Rajasthan,1953,43.42516667
Rajasthan,1954,53.15808333
Rajasthan,1955,51.2075
Rajasthan,1956,60.58916667
Rajasthan,1957,39.21208333
Rajasthan,1958,59.98308333
Rajasthan,1959,50.14666667
Rajasthan,1960,28.667
Rajasthan,1961,51.09791667
Rajasthan,1962,41.65658333
Rajasthan,1963,34.01441667
Rajasthan,1964,49.50025
Rajasthan,1965,38.87766667
Rajasthan,1966,49.93816667
Rajasthan,1967,70.1785
Rajasthan,1968,27.67183333
Rajasthan,1969,31.16566667
Rajasthan,1970,60.66075
Rajasthan,1971,38.99366667
Rajasthan,1972,36.9535
Rajasthan,1973,69.27233333
Rajasthan,1974,40.56683333
Rajasthan,1975,83.18458333
Rajasthan,1976,56.80366667
Rajasthan,1977,49.5435
Rajasthan,1978,53.618
Rajasthan,1979,63.47941667
Rajasthan,1980,32.16975
Rajasthan,1981,44.138
Rajasthan,1982,42.44116667
Rajasthan,1983,65.516
Rajasthan,1984,37.72008333
Rajasthan,1985,34.4525
Rajasthan,1986,30.83791667
Rajasthan,1987,19.11875
Rajasthan,1988,45.73675
Rajasthan,1989,33.30833333
Rajasthan,1990,48.92708333
Rajasthan,1991,31.28391667
Rajasthan,1992,33.60458333
Rajasthan,1993,47.40258333
Rajasthan,1994,60.42008333
Rajasthan,1995,50.40875
Rajasthan,1996,77.35591667
Rajasthan,1997,57.10141667
Rajasthan,1998,51.03683333
Rajasthan,1999,41.74433333
Rajasthan,2000,34.65591667
Rajasthan,2001,47.81408333
Rajasthan,2002,12.976
Sikkim,1901,598.676
Sikkim,1902,734.6665
Sikkim,1903,739.36475
Sikkim,1904,752.5015
Sikkim,1905,742.1755
Sikkim,1906,689.57625
Sikkim,1907,710.3555833
Sikkim,1908,579.7049167
Sikkim,1909,721.6525
Sikkim,1910,721.4350833
Sikkim,1911,778.1405833
Sikkim,1912,684.16075
Sikkim,1913,799.3843333
Sikkim,1914,648.7814167
Sikkim,1915,791.7280833
Sikkim,1916,706.7476667
Sikkim,1917,872.4395
Sikkim,1918,813.8243333
Sikkim,1919,710.6535833
Sikkim,1920,664.4130833
Sikkim,1921,739.8725
Sikkim,1922,844.2909167
Sikkim,1923,584.84375
Sikkim,1924,763.7371667
Sikkim,1925,684.9465833
Sikkim,1926,716.4115
Sikkim,1927,700.201
Sikkim,1928,707.8245833
Sikkim,1929,770.1506667
Sikkim,1930,649.4104167
Sikkim,1931,829.8524167
Sikkim,1932,646.0574167
Sikkim,1933,814.2160833
Sikkim,1934,839.51825
Sikkim,1935,693.2975833
Sikkim,1936,920.8526667
Sikkim,1937,670.0638333
Sikkim,1938,946.3521667
Sikkim,1939,718.7655833
Sikkim,1940,780.1049167
Sikkim,1941,642.9365833
Sikkim,1942,755.168
Sikkim,1943,687.8813333
Sikkim,1944,597.4385
Sikkim,1945,741.3859167
Sikkim,1946,736.9389167
Sikkim,1947,736.3913333
Sikkim,1948,835.6739167
Sikkim,1949,848.506
Sikkim,1950,683.4436667
Sikkim,1951,806.6078333
Sikkim,1952,909.6701667
Sikkim,1953,699.3034167
Sikkim,1954,756.4384167
Sikkim,1955,873.5083333
Sikkim,1956,721.71525
Sikkim,1957,472.424
Sikkim,1958,646.08
Sikkim,1959,780.18975
Sikkim,1960,610.5201667
Sikkim,1961,544.05975
Sikkim,1962,710.7805833
Sikkim,1963,638.526
Sikkim,1964,588.28725
Sikkim,1965,501.81925
Sikkim,1966,560.80575
Sikkim,1967,556.5515833
Sikkim,1968,721.6411667
Sikkim,1969,592.6344167
Sikkim,1970,659.5226667
Sikkim,1971,815.0963333
Sikkim,1972,666.6365
Sikkim,1973,915.5223333
Sikkim,1974,715.4386667
Sikkim,1975,752.202
Sikkim,1976,700.9900833
Sikkim,1977,696.46025
Sikkim,1978,868.1965833
Sikkim,1979,754.9024167
Sikkim,1980,736.8793333
Sikkim,1981,784.5591667
Sikkim,1982,569.7350833
Sikkim,1983,619.4051667
Sikkim,1984,817.4595833
Sikkim,1985,778.5978333
Sikkim,1986,620.6103333
Sikkim,1987,816.6358333
Sikkim,1988,789.7961667
Sikkim,1989,863.772
Sikkim,1990,763.07075
Sikkim,1991,765.0264167
Sikkim,1992,692.2950833
Sikkim,1993,625.51325
Sikkim,1994,633.5840833
Sikkim,1995,590.6459167
Sikkim,1996,588.71375
Sikkim,1997,671.6528333
Sikkim,1998,779.7715833
Sikkim,1999,711.3683333
Sikkim,2000,625.9634167
Sikkim,2001,597.7769167
Sikkim,2002,709.2491667
Tamil Nadu,1901,65.52383333
Tamil Nadu,1902,92.20016667
Tamil Nadu,1903,85.58758333
Tamil Nadu,1904,46.02108333
Tamil Nadu,1905,70.56758333
Tamil Nadu,1906,75.08225
Tamil Nadu,1907,74.48625
Tamil Nadu,1908,60.05983333
Tamil Nadu,1909,59.48383333
Tamil Nadu,1910,67.70991667
Tamil Nadu,1911,62.73325
Tamil Nadu,1912,64.8775
Tamil Nadu,1913,98.54525
Tamil Nadu,1914,89.5455
Tamil Nadu,1915,70.37666667
Tamil Nadu,1916,72.01433333
Tamil Nadu,1917,64.19775
Tamil Nadu,1918,61.31275
Tamil Nadu,1919,74.90291667
Tamil Nadu,1920,96.14533333
Tamil Nadu,1921,76.4355
Tamil Nadu,1922,71.97191667
Tamil Nadu,1923,69.06408333
Tamil Nadu,1924,56.8805
Tamil Nadu,1925,79.96458333
Tamil Nadu,1926,59.35083333
Tamil Nadu,1927,56.8855
Tamil Nadu,1928,79.34516667
Tamil Nadu,1929,60.87208333
Tamil Nadu,1930,83.41541667
Tamil Nadu,1931,81.133
Tamil Nadu,1932,97.29208333
Tamil Nadu,1933,68.51275
Tamil Nadu,1934,66.30333333
Tamil Nadu,1935,69.38775
Tamil Nadu,1936,61.96158333
Tamil Nadu,1937,68.94416667
Tamil Nadu,1938,56.77033333
Tamil Nadu,1939,88.021
Tamil Nadu,1940,85.80416667
Tamil Nadu,1941,88.32966667
Tamil Nadu,1942,69.14816667
Tamil Nadu,1943,79.07483333
Tamil Nadu,1944,73.15625
Tamil Nadu,1945,48.53633333
Tamil Nadu,1946,100.5940833
Tamil Nadu,1947,69.78975
Tamil Nadu,1948,55.67916667
Tamil Nadu,1949,59.60425
Tamil Nadu,1950,55.13175
Tamil Nadu,1951,57.27866667
Tamil Nadu,1952,56.93375
Tamil Nadu,1953,74.48083333
Tamil Nadu,1954,75.41358333
Tamil Nadu,1955,66.33975
Tamil Nadu,1956,85.97658333
Tamil Nadu,1957,63.91483333
Tamil Nadu,1958,56.17666667
Tamil Nadu,1959,68.41975
Tamil Nadu,1960,67.92691667
Tamil Nadu,1961,78.76658333
Tamil Nadu,1962,68.757
Tamil Nadu,1963,82.66041667
Tamil Nadu,1964,70.95516667
Tamil Nadu,1965,85.089
Tamil Nadu,1966,106.3680833
Tamil Nadu,1967,88.666
Tamil Nadu,1968,62.45108333
Tamil Nadu,1969,71.93708333
Tamil Nadu,1970,78.11558333
Tamil Nadu,1971,85.30958333
Tamil Nadu,1972,96.44866667
Tamil Nadu,1973,66.51466667
Tamil Nadu,1974,50.705
Tamil Nadu,1975,69.93766667
Tamil Nadu,1976,64.383
Tamil Nadu,1977,89.62983333
Tamil Nadu,1978,92.91491667
Tamil Nadu,1979,74.46491667
Tamil Nadu,1980,55.12766667
Tamil Nadu,1981,84.34641667
Tamil Nadu,1982,49.512
Tamil Nadu,1983,86.51708333
Tamil Nadu,1984,70.02225
Tamil Nadu,1985,101.6376667
Tamil Nadu,1986,73.35933333
Tamil Nadu,1987,72.90141667
Tamil Nadu,1988,112.2965833
Tamil Nadu,1989,69.41266667
Tamil Nadu,1990,71.72041667
Tamil Nadu,1991,57.50258333
Tamil Nadu,1992,66.10991667
Tamil Nadu,1993,83.14466667
Tamil Nadu,1994,52.10991667
Tamil Nadu,1995,63.62216667
Tamil Nadu,1996,86.07583333
Tamil Nadu,1997,84.18241667
Tamil Nadu,1998,75.8515
Tamil Nadu,1999,53.63366667
Tamil Nadu,2000,93.96841667
Tamil Nadu,2001,73.74241667
Tamil Nadu,2002,67.58366667
Tripura,1901,207.6849167
Tripura,1902,213.5720833
Tripura,1903,203.5284167
Tripura,1904,190.2923333
Tripura,1905,250.4449167
Tripura,1906,200.1233333
Tripura,1907,181.01875
Tripura,1908,158.6235833
Tripura,1909,181.54675
Tripura,1910,215.1215
Tripura,1911,252.2271667
Tripura,1912,210.4934167
Tripura,1913,221.6065833
Tripura,1914,191.1136667
Tripura,1915,247.0264167
Tripura,1916,260.2821667
Tripura,1917,198.4908333
Tripura,1918,220.71025
Tripura,1919,199.94275
Tripura,1920,184.2096667
Tripura,1921,232.0530833
Tripura,1922,210.7825
Tripura,1923,190.215
Tripura,1924,240.9880833
Tripura,1925,184.8631667
Tripura,1926,193.5246667
Tripura,1927,204.1745
Tripura,1928,209.2091667
Tripura,1929,213.2050833
Tripura,1930,208.2193333
Tripura,1931,204.4805833
Tripura,1932,245.5700833
Tripura,1933,192.0945833
Tripura,1934,238.3865
Tripura,1935,195.3230833
Tripura,1936,215.709
Tripura,1937,183.8043333
Tripura,1938,260.7354167
Tripura,1939,213.5269167
Tripura,1940,195.0363333
Tripura,1941,216.423
Tripura,1942,199.367
Tripura,1943,201.50825
Tripura,1944,183.5381667
Tripura,1945,200.2088333
Tripura,1946,214.463
Tripura,1947,255.0401667
Tripura,1948,310.1661667
Tripura,1949,335.9625833
Tripura,1950,194.44875
Tripura,1951,308.8656667
Tripura,1952,348.1084167
Tripura,1953,250.5706667
Tripura,1954,251.67025
Tripura,1955,214.4415
Tripura,1956,258.7506667
Tripura,1957,221.9379167
Tripura,1958,218.7144167
Tripura,1959,266.7514167
Tripura,1960,212.6506667
Tripura,1961,191.7896667
Tripura,1962,175.3381667
Tripura,1963,185.90225
Tripura,1964,320.4068333
Tripura,1965,246.59125
Tripura,1966,232.5491667
Tripura,1967,174.547
Tripura,1968,219.8425
Tripura,1969,253.67325
Tripura,1970,180.7498333
Tripura,1971,125.1766667
Tripura,1972,150.3634167
Tripura,1973,201.6935833
Tripura,1974,265.1189167
Tripura,1975,173.8646667
Tripura,1976,194.8103333
Tripura,1977,210.85075
Tripura,1978,168.2766667
Tripura,1979,157.35875
Tripura,1980,200.1988333
Tripura,1981,220.4778333
Tripura,1982,209.2406667
Tripura,1983,224.2390833
Tripura,1984,233.2630833
Tripura,1985,163.7343333
Tripura,1986,185.0070833
Tripura,1987,182.49575
Tripura,1988,235.2949167
Tripura,1989,165.6136667
Tripura,1990,188.3340833
Tripura,1991,215.9848333
Tripura,1992,198.0168333
Tripura,1993,237.9880833
Tripura,1994,185.68425
Tripura,1995,192.9541667
Tripura,1996,220.3000833
Tripura,1997,190.1936667
Tripura,1998,225.3380833
Tripura,1999,178.6611667
Tripura,2000,191.9920833
Tripura,2001,209.79975
Tripura,2002,221.5378333
Uttar Pradesh,1901,40.46866667
Uttar Pradesh,1902,53.27108333
Uttar Pradesh,1903,47.04458333
Uttar Pradesh,1904,74.28241667
Uttar Pradesh,1905,26.89441667
Uttar Pradesh,1906,54.1535
Uttar Pradesh,1907,52.70816667
Uttar Pradesh,1908,87.02216667
Uttar Pradesh,1909,66.01125
Uttar Pradesh,1910,51.90608333
Uttar Pradesh,1911,42.91833333
Uttar Pradesh,1912,59.85958333
Uttar Pradesh,1913,26.49433333
Uttar Pradesh,1914,71.12241667
Uttar Pradesh,1915,43.729
Uttar Pradesh,1916,71.43908333
Uttar Pradesh,1917,101.3878333
Uttar Pradesh,1918,29.15708333
Uttar Pradesh,1919,71.33916667
Uttar Pradesh,1920,50.173
Uttar Pradesh,1921,49.13666667
Uttar Pradesh,1922,65.08733333
Uttar Pradesh,1923,60.71875
Uttar Pradesh,1924,66.0455
Uttar Pradesh,1925,75.38791667
Uttar Pradesh,1926,69.06416667
Uttar Pradesh,1927,65.42158333
Uttar Pradesh,1928,48.56883333
Uttar Pradesh,1929,32.721
Uttar Pradesh,1930,71.56925
Uttar Pradesh,1931,61.75366667
Uttar Pradesh,1932,57.84733333
Uttar Pradesh,1933,81.60583333
Uttar Pradesh,1934,54.13525
Uttar Pradesh,1935,58.62741667
Uttar Pradesh,1936,78.17366667
Uttar Pradesh,1937,38.76558333
Uttar Pradesh,1938,48.66
Uttar Pradesh,1939,48.94925
Uttar Pradesh,1940,45.17858333
Uttar Pradesh,1941,36.25983333
Uttar Pradesh,1942,95.0105
Uttar Pradesh,1943,71.66633333
Uttar Pradesh,1944,52.40875
Uttar Pradesh,1945,69.79033333
Uttar Pradesh,1946,57.596
Uttar Pradesh,1947,90.92991667
Uttar Pradesh,1948,74.218
Uttar Pradesh,1949,87.49716667
Uttar Pradesh,1950,63.13708333
Uttar Pradesh,1951,63.42116667
Uttar Pradesh,1952,78.42475
Uttar Pradesh,1953,45.633
Uttar Pradesh,1954,67.29825
Uttar Pradesh,1955,94.37525
Uttar Pradesh,1956,77.84566667
Uttar Pradesh,1957,72.1165
Uttar Pradesh,1958,93.21991667
Uttar Pradesh,1959,57.819
Uttar Pradesh,1960,80.94183333
Uttar Pradesh,1961,83.21508333
Uttar Pradesh,1962,64.46591667
Uttar Pradesh,1963,70.90533333
Uttar Pradesh,1964,91.20916667
Uttar Pradesh,1965,56.92866667
Uttar Pradesh,1966,62.81383333
Uttar Pradesh,1967,89.50975
Uttar Pradesh,1968,52.49141667
Uttar Pradesh,1969,63.84158333
Uttar Pradesh,1970,73.38716667
Uttar Pradesh,1971,67.1255
Uttar Pradesh,1972,47.35233333
Uttar Pradesh,1973,76.42683333
Uttar Pradesh,1974,31.69216667
Uttar Pradesh,1975,71.16433333
Uttar Pradesh,1976,62.13833333
Uttar Pradesh,1977,79.88116667
Uttar Pradesh,1978,64.44458333
Uttar Pradesh,1979,35.55616667
Uttar Pradesh,1980,56.83825
Uttar Pradesh,1981,73.42766667
Uttar Pradesh,1982,65.846
Uttar Pradesh,1983,68.54108333
Uttar Pradesh,1984,54.74225
Uttar Pradesh,1985,90.96416667
Uttar Pradesh,1986,44.73275
Uttar Pradesh,1987,33.20358333
Uttar Pradesh,1988,57.95133333
Uttar Pradesh,1989,55.6445
Uttar Pradesh,1990,87.9175
Uttar Pradesh,1991,51.035
Uttar Pradesh,1992,47.36358333
Uttar Pradesh,1993,64.34991667
Uttar Pradesh,1994,87.01416667
Uttar Pradesh,1995,58.593
Uttar Pradesh,1996,80.982
Uttar Pradesh,1997,57.89033333
Uttar Pradesh,1998,53.5805
Uttar Pradesh,1999,79.07041667
Uttar Pradesh,2000,45.81408333
Uttar Pradesh,2001,54.70483333
Uttar Pradesh,2002,39.00908333
Uttaranchal,1901,110.26475
Uttaranchal,1902,85.98833333
Uttaranchal,1903,70.17658333
Uttaranchal,1904,109.3989167
Uttaranchal,1905,72.8485
Uttaranchal,1906,99.09008333
Uttaranchal,1907,72.14416667
Uttaranchal,1908,70.83958333
Uttaranchal,1909,125.1375833
Uttaranchal,1910,117.8369167
Uttaranchal,1911,87.87891667
Uttaranchal,1912,97.78566667
Uttaranchal,1913,80.38716667
Uttaranchal,1914,134.0596667
Uttaranchal,1915,114.5431667
Uttaranchal,1916,123.0214167
Uttaranchal,1917,131.5493333
Uttaranchal,1918,52.25958333
Uttaranchal,1919,94.86891667
Uttaranchal,1920,85.50358333
Uttaranchal,1921,99.51491667
Uttaranchal,1922,127.1518333
Uttaranchal,1923,91.82575
Uttaranchal,1924,117.4086667
Uttaranchal,1925,122.1799167
Uttaranchal,1926,89.997
Uttaranchal,1927,105.2128333
Uttaranchal,1928,73.30533333
Uttaranchal,1929,92.9235
Uttaranchal,1930,87.53441667
Uttaranchal,1931,107.3956667
Uttaranchal,1932,86.25958333
Uttaranchal,1933,125.5593333
Uttaranchal,1934,99.11825
Uttaranchal,1935,73.533
Uttaranchal,1936,183.2714167
Uttaranchal,1937,99.8895
Uttaranchal,1938,106.0085833
Uttaranchal,1939,71.47991667
Uttaranchal,1940,79.13183333
Uttaranchal,1941,64.19725
Uttaranchal,1942,110.5420833
Uttaranchal,1943,90.55966667
Uttaranchal,1944,67.503
Uttaranchal,1945,111.41775
Uttaranchal,1946,78.50375
Uttaranchal,1947,93.676
Uttaranchal,1948,99.29808333
Uttaranchal,1949,110.76475
Uttaranchal,1950,107.26375
Uttaranchal,1951,77.24175
Uttaranchal,1952,81.36225
Uttaranchal,1953,94.18508333
Uttaranchal,1954,97.92983333
Uttaranchal,1955,105.8646667
Uttaranchal,1956,84.75383333
Uttaranchal,1957,94.89208333
Uttaranchal,1958,110.6665
Uttaranchal,1959,90.219
Uttaranchal,1960,91.61733333
Uttaranchal,1961,114.7619167
Uttaranchal,1962,102.1105
Uttaranchal,1963,103.4575
Uttaranchal,1964,89.4615
Uttaranchal,1965,63.73833333
Uttaranchal,1966,107.96275
Uttaranchal,1967,94.6845
Uttaranchal,1968,74.56225
Uttaranchal,1969,117.2411667
Uttaranchal,1970,79.76933333
Uttaranchal,1971,135.684
Uttaranchal,1972,104.2444167
Uttaranchal,1973,99.46083333
Uttaranchal,1974,59.55383333
Uttaranchal,1975,108.1793333
Uttaranchal,1976,101.0834167
Uttaranchal,1977,87.40558333
Uttaranchal,1978,94.03891667
Uttaranchal,1979,59.526
Uttaranchal,1980,152.34675
Uttaranchal,1981,89.53783333
Uttaranchal,1982,86.7655
Uttaranchal,1983,113.77625
Uttaranchal,1984,72.56816667
Uttaranchal,1985,107.85075
Uttaranchal,1986,100.74575
Uttaranchal,1987,48.49875
Uttaranchal,1988,111.8954167
Uttaranchal,1989,83.46658333
Uttaranchal,1990,106.4220833
Uttaranchal,1991,49.53058333
Uttaranchal,1992,74.09533333
Uttaranchal,1993,91.94358333
Uttaranchal,1994,79.46741667
Uttaranchal,1995,108.9924167
Uttaranchal,1996,103.3230833
Uttaranchal,1997,66.13375
Uttaranchal,1998,91.60358333
Uttaranchal,1999,55.53866667
Uttaranchal,2000,78.75558333
Uttaranchal,2001,47.98375
Uttaranchal,2002,70.71408333
West Bengal,1901,107.60875
West Bengal,1902,104.2686667
West Bengal,1903,90.7725
West Bengal,1904,135.3665
West Bengal,1905,125.259
West Bengal,1906,113.8689167
West Bengal,1907,95.21175
West Bengal,1908,130.67675
West Bengal,1909,118.4833333
West Bengal,1910,110.0731667
West Bengal,1911,111.7344167
West Bengal,1912,98.41166667
West Bengal,1913,138.5985833
West Bengal,1914,106.4465
West Bengal,1915,116.703
West Bengal,1916,145.85375
West Bengal,1917,137.3140833
West Bengal,1918,102.5395833
West Bengal,1919,131.5904167
West Bengal,1920,124.8285833
West Bengal,1921,105.1215
West Bengal,1922,146.6516667
West Bengal,1923,116.40975
West Bengal,1924,106.4328333
West Bengal,1925,127.64575
West Bengal,1926,133.36575
West Bengal,1927,105.7720833
West Bengal,1928,143.81275
West Bengal,1929,113.10125
West Bengal,1930,106.0720833
West Bengal,1931,120.1078333
West Bengal,1932,104.542
West Bengal,1933,137.4074167
West Bengal,1934,112.24275
West Bengal,1935,94.45616667
West Bengal,1936,134.5880833
West Bengal,1937,129.342
West Bengal,1938,96.55966667
West Bengal,1939,128.6175833
West Bengal,1940,117.4445
West Bengal,1941,142.16575
West Bengal,1942,125.3618333
West Bengal,1943,132.91225
West Bengal,1944,126.7541667
West Bengal,1945,101.7811667
West Bengal,1946,132.0411667
West Bengal,1947,123.4408333
West Bengal,1948,118.6098333
West Bengal,1949,130.77725
West Bengal,1950,115.7775833
West Bengal,1951,116.0161667
West Bengal,1952,108.3299167
West Bengal,1953,102.1154167
West Bengal,1954,96.49308333
West Bengal,1955,101.65475
West Bengal,1956,142.0701667
West Bengal,1957,95.43591667
West Bengal,1958,108.5913333
West Bengal,1959,112.7049167
West Bengal,1960,114.5784167
West Bengal,1961,120.59
West Bengal,1962,85.84408333
West Bengal,1963,120.9511667
West Bengal,1964,121.0691667
West Bengal,1965,105.07825
West Bengal,1966,75.107
West Bengal,1967,104.3915833
West Bengal,1968,132.2786667
West Bengal,1969,111.9229167
West Bengal,1970,116.6881667
West Bengal,1971,185.8526667
West Bengal,1972,107.1003333
West Bengal,1973,140.0250833
West Bengal,1974,122.7400833
West Bengal,1975,107.03175
West Bengal,1976,107.1965
West Bengal,1977,147.13325
West Bengal,1978,154.0244167
West Bengal,1979,91.328
West Bengal,1980,115.7203333
West Bengal,1981,110.2783333
West Bengal,1982,99.60433333
West Bengal,1983,108.9285
West Bengal,1984,141.2570833
West Bengal,1985,104.66025
West Bengal,1986,131.9953333
West Bengal,1987,108.3829167
West Bengal,1988,106.0595
West Bengal,1989,106.6735
West Bengal,1990,157.42
West Bengal,1991,128.5088333
West Bengal,1992,87.3725
West Bengal,1993,140.2629167
West Bengal,1994,123.9794167
West Bengal,1995,110.8880833
West Bengal,1996,114.8376667
West Bengal,1997,122.8743333
West Bengal,1998,118.8780833
West Bengal,1999,131.0955
West Bengal,2000,91.00808333
West Bengal,2001,94.71783333
West Bengal,2002,111.6985
Lakshadweep,NA,NA
Goa,NA,NA
